input_image,gt_image,TP,TN,FP,FN,recall,specificity,FPR,FNR,PWC,precision,f_measure
dataset\turnpike_0_5fps\input\in000800.jpg,dataset\turnpike_0_5fps\groundtruth\gt000800.png,5,48393,5058,18224,0.0002742882220637446,0.9053712746253578,0.09462872537464219,0.9997257117779362,32.48046875,0.0009875567845151097,0.000429331959471063
dataset\turnpike_0_5fps\input\in000801.jpg,dataset\turnpike_0_5fps\groundtruth\gt000801.png,864,61400,4199,5217,0.142081894425259,0.9359898778944801,0.0640101221055199,0.857918105574741,13.136160714285714,0.17064981236421095,0.15506101938262742
dataset\turnpike_0_5fps\input\in000802.jpg,dataset\turnpike_0_5fps\groundtruth\gt000802.png,579,58782,4484,7835,0.06881388162586166,0.9291246483103088,0.07087535168969114,0.9311861183741383,17.186104910714285,0.11435907564684969,0.08592416709950285
dataset\turnpike_0_5fps\input\in000803.jpg,dataset\turnpike_0_5fps\groundtruth\gt000803.png,2348,52484,2715,14133,0.1424670833080517,0.9508143263464918,0.04918567365350822,0.8575329166919483,23.504464285714285,0.46375666600829546,0.21797252135165243
dataset\turnpike_0_5fps\input\in000804.jpg,dataset\turnpike_0_5fps\groundtruth\gt000804.png,547,55421,4516,11196,0.046580941837690536,0.9246542202646112,0.07534577973538882,0.9534190581623094,21.919642857142858,0.10803871222595299,0.06509579911936213
dataset\turnpike_0_5fps\input\in000805.jpg,dataset\turnpike_0_5fps\groundtruth\gt000805.png,1312,60348,3751,6269,0.173064239546234,0.9414811463517372,0.05851885364826284,0.826935760453766,13.978794642857142,0.2591349002567648,0.20752926289149007
dataset\turnpike_0_5fps\input\in000806.jpg,dataset\turnpike_0_5fps\groundtruth\gt000806.png,1010,57558,4053,9059,0.10030787565796008,0.9342162925451624,0.06578370745483761,0.8996921243420399,18.292410714285715,0.19948647047205215,0.13349193761564895
dataset\turnpike_0_5fps\input\in000807.jpg,dataset\turnpike_0_5fps\groundtruth\gt000807.png,679,59827,4384,6790,0.09090909090909091,0.931725093831275,0.06827490616872499,0.9090909090909091,15.588727678571429,0.1341102113371519,0.1083625917650814
dataset\turnpike_0_5fps\input\in000808.jpg,dataset\turnpike_0_5fps\groundtruth\gt000808.png,1733,62941,3330,3676,0.3203919393603254,0.94975177679528,0.05024822320472001,0.6796080606396746,9.773995535714286,0.34228718151293697,0.33097784568372807
dataset\turnpike_0_5fps\input\in000809.jpg,dataset\turnpike_0_5fps\groundtruth\gt000809.png,1717,56835,3346,9782,0.149317331941908,0.9444010568119506,0.055598943188049386,0.850682668058092,18.314732142857142,0.3391269998024886,0.20734210844100953
dataset\turnpike_0_5fps\input\in000810.jpg,dataset\turnpike_0_5fps\groundtruth\gt000810.png,527,58842,4536,7775,0.06347867983618405,0.9284294234592445,0.07157057654075547,0.936521320163816,17.174944196428573,0.10408848508789255,0.07886270108492331
dataset\turnpike_0_5fps\input\in000811.jpg,dataset\turnpike_0_5fps\groundtruth\gt000811.png,1005,54946,4058,11671,0.07928368570526981,0.9312250016948004,0.06877499830519965,0.9207163142947302,21.943359375,0.19849891368753703,0.11330965668865214
dataset\turnpike_0_5fps\input\in000812.jpg,dataset\turnpike_0_5fps\groundtruth\gt000812.png,370,57007,4693,9610,0.03707414829659319,0.9239384116693679,0.07606158833063209,0.9629258517034068,19.953962053571427,0.07307920205411811,0.04919231536262714
dataset\turnpike_0_5fps\input\in000813.jpg,dataset\turnpike_0_5fps\groundtruth\gt000813.png,593,61067,4470,5550,0.09653263877584242,0.9317942536277217,0.06820574637227826,0.9034673612241576,13.978794642857142,0.117124234643492,0.10583615920042835
dataset\turnpike_0_5fps\input\in000814.jpg,dataset\turnpike_0_5fps\groundtruth\gt000814.png,1048,58698,4015,7919,0.1168729786996766,0.9359781863409501,0.06402181365904996,0.8831270213003234,16.648995535714285,0.206991902034367,0.14939415538132575
dataset\turnpike_0_5fps\input\in000815.jpg,dataset\turnpike_0_5fps\groundtruth\gt000815.png,291,57821,4772,8796,0.03202377022119511,0.9237614429728563,0.0762385570271436,0.9679762297788049,18.928571428571427,0.05747580485877938,0.04113074204946996
dataset\turnpike_0_5fps\input\in000816.jpg,dataset\turnpike_0_5fps\groundtruth\gt000816.png,2436,51021,2627,15596,0.13509316770186336,0.9510326573218014,0.048967342678198626,0.8649068322981367,25.422712053571427,0.4811376654157614,0.21095475211084655
dataset\turnpike_0_5fps\input\in000817.jpg,dataset\turnpike_0_5fps\groundtruth\gt000817.png,1054,58680,4009,7937,0.11722833945056167,0.936049386654756,0.06395061334524398,0.8827716605494383,16.665736607142858,0.2081769701757851,0.14999288458801763
dataset\turnpike_0_5fps\input\in000818.jpg,dataset\turnpike_0_5fps\groundtruth\gt000818.png,2231,60710,2832,5907,0.27414598181371347,0.9554310534764408,0.04456894652355922,0.7258540181862866,12.191685267857142,0.44064783725064194,0.3380046966138929
dataset\turnpike_0_5fps\input\in000819.jpg,dataset\turnpike_0_5fps\groundtruth\gt000819.png,497,59025,4566,7592,0.061441463716157746,0.928197386422607,0.07180261357739302,0.9385585362838422,16.961495535714285,0.0981631443808019,0.07557785888077859
dataset\turnpike_0_5fps\input\in000820.jpg,dataset\turnpike_0_5fps\groundtruth\gt000820.png,574,57236,4489,9381,0.057659467604218986,0.9272742000810045,0.07272579991899554,0.942340532395781,19.349888392857142,0.11337151886233458,0.07644160340924223
dataset\turnpike_0_5fps\input\in000821.jpg,dataset\turnpike_0_5fps\groundtruth\gt000821.png,1204,58589,3859,8028,0.1304159445407279,0.9382045862157314,0.06179541378426851,0.8695840554592721,16.583426339285715,0.2378036737112384,0.1684505071703393
dataset\turnpike_0_5fps\input\in000822.jpg,dataset\turnpike_0_5fps\groundtruth\gt000822.png,1553,43046,3510,23571,0.061813405508676963,0.9246069249935561,0.07539307500644385,0.938186594491323,37.78041294642857,0.30673513727039303,0.10289197336601849
dataset\turnpike_0_5fps\input\in000823.jpg,dataset\turnpike_0_5fps\groundtruth\gt000823.png,748,57632,4315,8985,0.07685194698448577,0.9303436808885015,0.06965631911149854,0.9231480530155143,18.5546875,0.1477384949634604,0.10110840767775074
dataset\turnpike_0_5fps\input\in000824.jpg,dataset\turnpike_0_5fps\groundtruth\gt000824.png,1428,54627,3635,11990,0.10642420629005814,0.9376094195187258,0.062390580481274244,0.8935757937099419,21.798270089285715,0.2820462176575153,0.15453709214869324
dataset\turnpike_0_5fps\input\in000825.jpg,dataset\turnpike_0_5fps\groundtruth\gt000825.png,1164,59157,3899,7460,0.1349721706864564,0.9381660746003553,0.06183392539964476,0.8650278293135436,15.846819196428571,0.22990321943511752,0.17008840505589246
dataset\turnpike_0_5fps\input\in000826.jpg,dataset\turnpike_0_5fps\groundtruth\gt000826.png,647,56417,4416,10200,0.05964782889278141,0.92740782141272,0.07259217858727993,0.9403521711072186,20.390625,0.1277898479162552,0.08133249528598366
dataset\turnpike_0_5fps\input\in000827.jpg,dataset\turnpike_0_5fps\groundtruth\gt000827.png,630,59387,4433,7230,0.08015267175572519,0.9305390159824506,0.06946098401754935,0.9198473282442748,16.270926339285715,0.12443215484890381,0.09750058036059737
dataset\turnpike_0_5fps\input\in000828.jpg,dataset\turnpike_0_5fps\groundtruth\gt000828.png,1430,63771,3633,2846,0.3344246959775491,0.9461011215951576,0.05389887840484244,0.6655753040224509,9.038783482142858,0.28244124037132134,0.30624263839811544
dataset\turnpike_0_5fps\input\in000829.jpg,dataset\turnpike_0_5fps\groundtruth\gt000829.png,108,61132,4955,5485,0.019309851600214555,0.9250230756427134,0.0749769243572866,0.9806901483997854,14.564732142857142,0.02133122654552637,0.02027027027027027
dataset\turnpike_0_5fps\input\in000830.jpg,dataset\turnpike_0_5fps\groundtruth\gt000830.png,546,63141,4517,3476,0.1357533565390353,0.9332377545892577,0.06676224541074226,0.8642466434609647,11.150948660714286,0.10784120086904997,0.1201981287837094
dataset\turnpike_0_5fps\input\in000831.jpg,dataset\turnpike_0_5fps\groundtruth\gt000831.png,838,60840,4225,5777,0.12668178382464096,0.935064935064935,0.06493506493506493,0.873318216175359,13.953683035714286,0.16551451708473236,0.1435177256379517
dataset\turnpike_0_5fps\input\in000832.jpg,dataset\turnpike_0_5fps\groundtruth\gt000832.png,650,62945,4413,3672,0.15039333641832486,0.9344843968051308,0.06551560319486921,0.8496066635816751,11.279296875,0.12838238198696425,0.13851891315929674
dataset\turnpike_0_5fps\input\in000833.jpg,dataset\turnpike_0_5fps\groundtruth\gt000833.png,417,62402,4646,4215,0.0900259067357513,0.9307063596229567,0.06929364037704332,0.9099740932642487,12.361886160714286,0.08236223582856014,0.08602372356884992
dataset\turnpike_0_5fps\input\in000834.jpg,dataset\turnpike_0_5fps\groundtruth\gt000834.png,445,62957,4618,3660,0.10840438489646773,0.9316611172770995,0.06833888272290048,0.8915956151035322,11.548549107142858,0.08789255382184476,0.09707678883071554
dataset\turnpike_0_5fps\input\in000835.jpg,dataset\turnpike_0_5fps\groundtruth\gt000835.png,884,57950,4179,8667,0.09255575332425924,0.9327367252007919,0.0672632747992081,0.9074442466757408,17.921316964285715,0.17460003950227138,0.12097988230463938
dataset\turnpike_0_5fps\input\in000836.jpg,dataset\turnpike_0_5fps\groundtruth\gt000836.png,918,63779,4145,2838,0.24440894568690097,0.9389759142571109,0.06102408574288911,0.755591054313099,9.741908482142858,0.18131542563697411,0.20818686925955324
dataset\turnpike_0_5fps\input\in000837.jpg,dataset\turnpike_0_5fps\groundtruth\gt000837.png,2780,53759,2283,12858,0.17777209361810972,0.9592626958352664,0.04073730416473359,0.8222279063818903,21.123046875,0.549081572190401,0.2685860586445099
dataset\turnpike_0_5fps\input\in000838.jpg,dataset\turnpike_0_5fps\groundtruth\gt000838.png,1182,60856,3881,5761,0.17024341062941092,0.940049739716082,0.059950260283918005,0.829756589370589,13.451450892857142,0.2334584238593719,0.1969015492253873
dataset\turnpike_0_5fps\input\in000839.jpg,dataset\turnpike_0_5fps\groundtruth\gt000839.png,260,62585,4803,4032,0.06057781919850885,0.9287261827031519,0.0712738172968481,0.9394221808014911,12.325613839285714,0.0513529527947857,0.05558524853019775
dataset\turnpike_0_5fps\input\in000840.jpg,dataset\turnpike_0_5fps\groundtruth\gt000840.png,2018,63083,3045,3534,0.3634726224783862,0.9539529397532059,0.04604706024679409,0.6365273775216138,9.178292410714286,0.39857791823029826,0.38021667451719265
dataset\turnpike_0_5fps\input\in000841.jpg,dataset\turnpike_0_5fps\groundtruth\gt000841.png,1315,61477,3748,5140,0.203718048024787,0.942537370640092,0.05746262935990801,0.796281951975213,12.399553571428571,0.2597274343274738,0.22833825316895293
dataset\turnpike_0_5fps\input\in000842.jpg,dataset\turnpike_0_5fps\groundtruth\gt000842.png,134,59955,4929,6662,0.01971748087110065,0.9240336600702793,0.07596633992972074,0.9802825191288993,16.170479910714285,0.02646652182500494,0.022598870056497175
dataset\turnpike_0_5fps\input\in000843.jpg,dataset\turnpike_0_5fps\groundtruth\gt000843.png,959,60950,4104,5667,0.1447328705101117,0.9369139484120884,0.06308605158791158,0.8552671294898884,13.631417410714286,0.18941339126999804,0.16408589271965096
dataset\turnpike_0_5fps\input\in000844.jpg,dataset\turnpike_0_5fps\groundtruth\gt000844.png,822,58521,4241,8096,0.09217313298945952,0.9324272649055161,0.06757273509448393,0.9078268670105405,17.211216517857142,0.162354335374284,0.1175881553536943
dataset\turnpike_0_5fps\input\in000845.jpg,dataset\turnpike_0_5fps\groundtruth\gt000845.png,475,62710,4588,3907,0.10839799178457325,0.9318256114594787,0.06817438854052127,0.8916020082154268,11.851283482142858,0.09381789452893541,0.10058231868713603
dataset\turnpike_0_5fps\input\in000846.jpg,dataset\turnpike_0_5fps\groundtruth\gt000846.png,531,58728,4532,7889,0.06306413301662708,0.92835915270313,0.07164084729687006,0.936935866983373,17.328404017857142,0.10487853051550464,0.07876585329674406
dataset\turnpike_0_5fps\input\in000847.jpg,dataset\turnpike_0_5fps\groundtruth\gt000847.png,649,61678,4414,4939,0.11614173228346457,0.9332143073291775,0.06678569267082249,0.8838582677165354,13.048270089285714,0.12818487063006123,0.12186649140925734
dataset\turnpike_0_5fps\input\in000848.jpg,dataset\turnpike_0_5fps\groundtruth\gt000848.png,375,61063,4688,5554,0.0632484398718165,0.9287007041717996,0.07129929582820033,0.9367515601281835,14.288504464285714,0.07406675883863321,0.06823144104803493
dataset\turnpike_0_5fps\input\in000849.jpg,dataset\turnpike_0_5fps\groundtruth\gt000849.png,0,60697,5063,5920,0.0,0.9230079075425791,0.07699209245742092,1.0,15.322265625,0.0,nan
dataset\turnpike_0_5fps\input\in000850.jpg,dataset\turnpike_0_5fps\groundtruth\gt000850.png,466,58605,4597,8012,0.054965793819297004,0.9272649599696212,0.07273504003037878,0.945034206180703,17.590680803571427,0.09204029231680821,0.06882800384018906
dataset\turnpike_0_5fps\input\in000851.jpg,dataset\turnpike_0_5fps\groundtruth\gt000851.png,1630,58284,3433,8333,0.1636053397571013,0.9443751316493024,0.05562486835069754,0.8363946602428988,16.414620535714285,0.32194351175192576,0.21695727405829895
dataset\turnpike_0_5fps\input\in000852.jpg,dataset\turnpike_0_5fps\groundtruth\gt000852.png,1042,61960,4021,4657,0.18283909457799613,0.9390582137281945,0.06094178627180552,0.8171609054220038,12.106584821428571,0.20580683389294885,0.19364430403270766
dataset\turnpike_0_5fps\input\in000853.jpg,dataset\turnpike_0_5fps\groundtruth\gt000853.png,473,62711,4590,3906,0.1080155286595113,0.9317989331510675,0.0682010668489324,0.8919844713404887,11.852678571428571,0.09342287181512937,0.10019063757678458
dataset\turnpike_0_5fps\input\in000854.jpg,dataset\turnpike_0_5fps\groundtruth\gt000854.png,215,55756,4848,10861,0.019411339833875045,0.9200052801795261,0.0799947198204739,0.980588660166125,21.915457589285715,0.04246494173414971,0.02664353429580519
dataset\turnpike_0_5fps\input\in000855.jpg,dataset\turnpike_0_5fps\groundtruth\gt000855.png,1036,59665,4027,6952,0.12969454181271908,0.9367738491490297,0.06322615085097029,0.8703054581872809,15.316685267857142,0.2046217657515307,0.15876178070645927
dataset\turnpike_0_5fps\input\in000856.jpg,dataset\turnpike_0_5fps\groundtruth\gt000856.png,194,56877,4869,9740,0.019528890678477955,0.9211446895345448,0.07885531046545526,0.980471109321522,20.380859375,0.038317203239186255,0.025871841034873642
dataset\turnpike_0_5fps\input\in000857.jpg,dataset\turnpike_0_5fps\groundtruth\gt000857.png,518,63961,4545,2656,0.1632010081915564,0.9336554462382857,0.0663445537617143,0.8367989918084436,10.046037946428571,0.10231088287576535,0.12577394682530046
dataset\turnpike_0_5fps\input\in000858.jpg,dataset\turnpike_0_5fps\groundtruth\gt000858.png,675,59437,4388,7180,0.0859325270528326,0.9312495103799452,0.06875048962005484,0.9140674729471674,16.138392857142858,0.1333201659095398,0.1045053413841152
dataset\turnpike_0_5fps\input\in000859.jpg,dataset\turnpike_0_5fps\groundtruth\gt000859.png,116,62685,4947,3932,0.02865612648221344,0.9268541518807665,0.0731458481192335,0.9713438735177866,12.386997767857142,0.022911317400750544,0.025463725167380092
dataset\turnpike_0_5fps\input\in000860.jpg,dataset\turnpike_0_5fps\groundtruth\gt000860.png,612,63229,4451,3388,0.153,0.9342346335697399,0.06576536643026004,0.847,10.936104910714286,0.12087695042464942,0.13505461767626614
dataset\turnpike_0_5fps\input\in000861.jpg,dataset\turnpike_0_5fps\groundtruth\gt000861.png,260,61083,4803,5534,0.04487400759406282,0.9271013568891722,0.07289864311082779,0.9551259924059372,14.421037946428571,0.0513529527947857,0.047895367044303215
dataset\turnpike_0_5fps\input\in000862.jpg,dataset\turnpike_0_5fps\groundtruth\gt000862.png,903,63422,4160,3195,0.22035139092240116,0.9384451481163624,0.06155485188363766,0.7796486090775988,10.260881696428571,0.1783527552834288,0.19714005021285888
dataset\turnpike_0_5fps\input\in000863.jpg,dataset\turnpike_0_5fps\groundtruth\gt000863.png,723,60498,4340,6119,0.105670856474715,0.9330639439834665,0.06693605601653352,0.894329143525285,14.591238839285714,0.14280071104088485,0.12146157076858462
dataset\turnpike_0_5fps\input\in000864.jpg,dataset\turnpike_0_5fps\groundtruth\gt000864.png,766,61938,4297,4679,0.14067952249770432,0.9351249339473088,0.06487506605269118,0.8593204775022957,12.522321428571429,0.15129369938771478,0.14579368100494863
dataset\turnpike_0_5fps\input\in000865.jpg,dataset\turnpike_0_5fps\groundtruth\gt000865.png,189,61327,4874,5290,0.03449534586603395,0.926375734505521,0.07362426549447894,0.965504654133966,14.1796875,0.03732964645467114,0.03585657370517928
dataset\turnpike_0_5fps\input\in000866.jpg,dataset\turnpike_0_5fps\groundtruth\gt000866.png,922,62883,4141,3734,0.19802405498281786,0.9382161613750298,0.06178383862497016,0.8019759450171822,10.986328125,0.18210547106458622,0.1897314538532771
dataset\turnpike_0_5fps\input\in000867.jpg,dataset\turnpike_0_5fps\groundtruth\gt000867.png,863,56846,4200,9771,0.08115478653375964,0.9311994233856437,0.06880057661435639,0.9188452134662404,19.490792410714285,0.17045230100730793,0.10995731668471682
dataset\turnpike_0_5fps\input\in000868.jpg,dataset\turnpike_0_5fps\groundtruth\gt000868.png,0,61091,5063,5526,0.0,0.923466457054751,0.07653354294524896,1.0,14.772600446428571,0.0,nan
dataset\turnpike_0_5fps\input\in000869.jpg,dataset\turnpike_0_5fps\groundtruth\gt000869.png,465,62110,4598,4507,0.09352373290426388,0.9310727349043593,0.0689272650956407,0.9064762670957361,12.702287946428571,0.0918427809599052,0.09267563527653214
dataset\turnpike_0_5fps\input\in000870.jpg,dataset\turnpike_0_5fps\groundtruth\gt000870.png,321,58207,4742,8410,0.03676554804718818,0.9246691766350538,0.07533082336494623,0.9632344519528118,18.348214285714285,0.06340114556587004,0.04654197477163984
dataset\turnpike_0_5fps\input\in000871.jpg,dataset\turnpike_0_5fps\groundtruth\gt000871.png,638,57814,4425,8803,0.06757758712000847,0.9289030993428558,0.07109690065714423,0.9324224128799915,18.454241071428573,0.126012245704128,0.08797573083287369
dataset\turnpike_0_5fps\input\in000872.jpg,dataset\turnpike_0_5fps\groundtruth\gt000872.png,1758,63042,3305,3575,0.32964560285017813,0.9501861425535443,0.04981385744645576,0.6703543971498218,9.598214285714286,0.34722496543551257,0.3382070026933436
dataset\turnpike_0_5fps\input\in000873.jpg,dataset\turnpike_0_5fps\groundtruth\gt000873.png,372,62288,4691,4329,0.07913209955328654,0.9299631227698234,0.07003687723017663,0.9208679004467135,12.583705357142858,0.07347422476792416,0.07619827939369112
dataset\turnpike_0_5fps\input\in000874.jpg,dataset\turnpike_0_5fps\groundtruth\gt000874.png,138,59624,4925,6993,0.019352124526714348,0.9237013741498706,0.07629862585012936,0.9806478754732857,16.626674107142858,0.027256567252617027,0.022634082335574873
dataset\turnpike_0_5fps\input\in000875.jpg,dataset\turnpike_0_5fps\groundtruth\gt000875.png,308,58783,4755,7834,0.037828543355440926,0.9251628946457238,0.07483710535427618,0.962171456644559,17.562779017857142,0.060833497926130756,0.046648996592199926
dataset\turnpike_0_5fps\input\in000876.jpg,dataset\turnpike_0_5fps\groundtruth\gt000876.png,543,62519,4520,4098,0.11700064641241112,0.9325765599128866,0.06742344008711347,0.8829993535875889,12.022879464285714,0.1072486667983409,0.11191261335531738
dataset\turnpike_0_5fps\input\in000877.jpg,dataset\turnpike_0_5fps\groundtruth\gt000877.png,693,62293,4370,4324,0.13813035678692445,0.9344463945517003,0.06555360544829966,0.8618696432130756,12.12890625,0.13687537033379418,0.13749999999999998
dataset\turnpike_0_5fps\input\in000878.jpg,dataset\turnpike_0_5fps\groundtruth\gt000878.png,393,60544,4670,6073,0.060779461800185584,0.9283896095930322,0.07161039040696783,0.9392205381998144,14.987444196428571,0.07762196326288762,0.068175904241478
dataset\turnpike_0_5fps\input\in000879.jpg,dataset\turnpike_0_5fps\groundtruth\gt000879.png,0,60233,5063,6384,0.0,0.922460793923058,0.07753920607694192,1.0,15.969587053571429,0.0,nan
dataset\turnpike_0_5fps\input\in000880.jpg,dataset\turnpike_0_5fps\groundtruth\gt000880.png,159,61388,4904,5229,0.02951002227171492,0.9260242563205213,0.07397574367947866,0.970489977728285,14.136439732142858,0.031404305747580484,0.0304277102669601
dataset\turnpike_0_5fps\input\in000881.jpg,dataset\turnpike_0_5fps\groundtruth\gt000881.png,431,60179,4632,6438,0.06274566894744504,0.9285306506611531,0.0714693493388468,0.937254331052555,15.443638392857142,0.08512739482520244,0.07224270868253437
dataset\turnpike_0_5fps\input\in000882.jpg,dataset\turnpike_0_5fps\groundtruth\gt000882.png,117,60405,4946,6212,0.018486332753989573,0.9243163838349834,0.0756836161650166,0.9815136672460104,15.56640625,0.023108828757653566,0.020540730337078657
dataset\turnpike_0_5fps\input\in000883.jpg,dataset\turnpike_0_5fps\groundtruth\gt000883.png,867,62122,4196,4495,0.1616933979858262,0.9367290931572122,0.06327090684278779,0.8383066020141738,12.124720982142858,0.17124234643492,0.16633093525179857
dataset\turnpike_0_5fps\input\in000884.jpg,dataset\turnpike_0_5fps\groundtruth\gt000884.png,817,62388,4246,4229,0.16191042409829567,0.9362787766005343,0.06372122339946573,0.8380895759017043,11.823381696428571,0.16136677858976892,0.16163814422791573
dataset\turnpike_0_5fps\input\in000885.jpg,dataset\turnpike_0_5fps\groundtruth\gt000885.png,470,63769,4593,2848,0.1416515973477999,0.9328135513881981,0.06718644861180188,0.8583484026522001,10.380859375,0.0928303377444203,0.11215845364514974
dataset\turnpike_0_5fps\input\in000886.jpg,dataset\turnpike_0_5fps\groundtruth\gt000886.png,905,43561,4158,23056,0.03776970911063812,0.9128648965820743,0.08713510341792577,0.9622302908893619,37.96595982142857,0.17874777799723485,0.06236218302094818
dataset\turnpike_0_5fps\input\in000887.jpg,dataset\turnpike_0_5fps\groundtruth\gt000887.png,563,62460,4500,4157,0.11927966101694916,0.9327956989247311,0.06720430107526881,0.8807203389830508,12.077287946428571,0.11119889393640134,0.1150976183174895
dataset\turnpike_0_5fps\input\in000888.jpg,dataset\turnpike_0_5fps\groundtruth\gt000888.png,3388,50059,1675,16558,0.1698586182693272,0.9676228399118568,0.032377160088143196,0.8301413817306729,25.436662946428573,0.6691684771874383,0.2709424607141429
dataset\turnpike_0_5fps\input\in000889.jpg,dataset\turnpike_0_5fps\groundtruth\gt000889.png,1173,61399,3890,5218,0.18353935221405102,0.9404187535419443,0.05958124645805572,0.816460647785949,12.706473214285714,0.2316808216472447,0.20481927710843376
dataset\turnpike_0_5fps\input\in000890.jpg,dataset\turnpike_0_5fps\groundtruth\gt000890.png,2094,62029,2969,4588,0.31337922777611493,0.9543216714360442,0.04567832856395582,0.6866207722238851,10.542689732142858,0.4135887813549279,0.35657726692209446
dataset\turnpike_0_5fps\input\in000891.jpg,dataset\turnpike_0_5fps\groundtruth\gt000891.png,833,63834,4230,2783,0.23036504424778761,0.9378526093088858,0.062147390691114246,0.7696349557522124,9.783761160714286,0.16452696030021727,0.19195759880170526
dataset\turnpike_0_5fps\input\in000892.jpg,dataset\turnpike_0_5fps\groundtruth\gt000892.png,874,64586,4189,2031,0.30086058519793457,0.9390912395492548,0.060908760450745184,0.6991394148020654,8.677455357142858,0.17262492593324116,0.21937751004016062
dataset\turnpike_0_5fps\input\in000893.jpg,dataset\turnpike_0_5fps\groundtruth\gt000893.png,80,61537,4983,5080,0.015503875968992248,0.9250901984365605,0.07490980156343957,0.9844961240310077,14.038783482142858,0.015800908552241755,0.015650983077374548
dataset\turnpike_0_5fps\input\in000894.jpg,dataset\turnpike_0_5fps\groundtruth\gt000894.png,1895,62283,3168,4334,0.3042221865467972,0.9515973781913187,0.0484026218086813,0.6957778134532028,10.465959821428571,0.37428402133122657,0.33563584838823945
dataset\turnpike_0_5fps\input\in000895.jpg,dataset\turnpike_0_5fps\groundtruth\gt000895.png,983,60493,4080,6124,0.13831433797664275,0.936815696963127,0.063184303036873,0.8616856620233573,14.235491071428571,0.19415366383567056,0.16154478225143798
dataset\turnpike_0_5fps\input\in000896.jpg,dataset\turnpike_0_5fps\groundtruth\gt000896.png,621,54072,4442,12545,0.04716694516178034,0.9240865433913251,0.07591345660867485,0.9528330548382197,23.698381696428573,0.12265455263677662,0.06813319436063416
dataset\turnpike_0_5fps\input\in000897.jpg,dataset\turnpike_0_5fps\groundtruth\gt000897.png,1122,57549,3941,9068,0.11010794896957801,0.9359082777687429,0.06409172223125711,0.889892051030422,18.148716517857142,0.2216077424451906,0.1471185996197469
dataset\turnpike_0_5fps\input\in000898.jpg,dataset\turnpike_0_5fps\groundtruth\gt000898.png,376,62824,4687,3793,0.09018949388342529,0.930574276784524,0.06942572321547599,0.9098105061165748,11.830357142857142,0.07426427019553625,0.08145580589254767
dataset\turnpike_0_5fps\input\in000899.jpg,dataset\turnpike_0_5fps\groundtruth\gt000899.png,504,61309,4559,5308,0.08671713695801789,0.9307858140523472,0.06921418594765288,0.9132828630419821,13.765345982142858,0.09954572387912305,0.09268965517241379
dataset\turnpike_0_5fps\input\in000900.jpg,dataset\turnpike_0_5fps\groundtruth\gt000900.png,728,57239,4335,9378,0.07203641401147833,0.9295969077857538,0.07040309221424627,0.9279635859885217,19.130859375,0.14378826782539997,0.0959852330410706
dataset\turnpike_0_5fps\input\in000901.jpg,dataset\turnpike_0_5fps\groundtruth\gt000901.png,658,58809,4405,7808,0.07772265532719112,0.9303160692251716,0.06968393077482836,0.9222773446728089,17.038225446428573,0.12996247284218843,0.09727252568556434
dataset\turnpike_0_5fps\input\in000902.jpg,dataset\turnpike_0_5fps\groundtruth\gt000902.png,1417,57828,3646,8789,0.13883989809915737,0.9406903731658913,0.05930962683410873,0.8611601019008427,17.347935267857142,0.2798735927315821,0.18560482022398322
dataset\turnpike_0_5fps\input\in000903.jpg,dataset\turnpike_0_5fps\groundtruth\gt000903.png,2231,59879,2832,6738,0.248745679562939,0.9548404586117268,0.04515954138827319,0.751254320437061,13.351004464285714,0.44064783725064194,0.3179874572405929
dataset\turnpike_0_5fps\input\in000904.jpg,dataset\turnpike_0_5fps\groundtruth\gt000904.png,951,59953,4112,6664,0.12488509520682863,0.9358151876999922,0.0641848123000078,0.8751149047931713,15.033482142857142,0.18783330041477386,0.15002366303833414
dataset\turnpike_0_5fps\input\in000905.jpg,dataset\turnpike_0_5fps\groundtruth\gt000905.png,588,60803,4475,5814,0.09184629803186505,0.9314470418824106,0.0685529581175894,0.9081537019681349,14.354073660714286,0.1161366778589769,0.10257304840819888
dataset\turnpike_0_5fps\input\in000906.jpg,dataset\turnpike_0_5fps\groundtruth\gt000906.png,1154,62029,3909,4588,0.20097526994078718,0.9407170372167794,0.0592829627832206,0.7990247300592128,11.854073660714286,0.2279281058660873,0.21360481258676536
dataset\turnpike_0_5fps\input\in000907.jpg,dataset\turnpike_0_5fps\groundtruth\gt000907.png,782,60517,4281,6100,0.11362975879104911,0.9339331460847557,0.06606685391524429,0.8863702412089509,14.482421875,0.15445388109816313,0.13093344495604856
dataset\turnpike_0_5fps\input\in000908.jpg,dataset\turnpike_0_5fps\groundtruth\gt000908.png,2514,57478,2549,9139,0.215738436454132,0.9575357755676612,0.04246422443233878,0.7842615635458681,16.305803571428573,0.49654355125419714,0.3007896625987078
dataset\turnpike_0_5fps\input\in000909.jpg,dataset\turnpike_0_5fps\groundtruth\gt000909.png,918,61034,4145,5583,0.14120904476234425,0.9364058976050569,0.06359410239494316,0.8587909552376557,13.571428571428571,0.18131542563697411,0.15876859218263575
dataset\turnpike_0_5fps\input\in000910.jpg,dataset\turnpike_0_5fps\groundtruth\gt000910.png,1239,61816,3824,4801,0.20513245033112582,0.9417428397318708,0.05825716026812919,0.7948675496688742,12.032645089285714,0.24471657120284415,0.22318292353417993
dataset\turnpike_0_5fps\input\in000911.jpg,dataset\turnpike_0_5fps\groundtruth\gt000911.png,1344,61637,3719,4980,0.2125237191650854,0.9430962727217088,0.056903727278291204,0.7874762808349146,12.135881696428571,0.2654552636776615,0.23605866338807413
dataset\turnpike_0_5fps\input\in000912.jpg,dataset\turnpike_0_5fps\groundtruth\gt000912.png,704,55055,4359,11562,0.057394423609978804,0.9266334533948227,0.07336654660517723,0.9426055763900212,22.211216517857142,0.13904799525972744,0.08125108200126954
dataset\turnpike_0_5fps\input\in000913.jpg,dataset\turnpike_0_5fps\groundtruth\gt000913.png,891,58835,4172,7782,0.10273261847111725,0.9337851349850017,0.06621486501499833,0.8972673815288827,16.676897321428573,0.17598261900059253,0.12973209085614443
dataset\turnpike_0_5fps\input\in000914.jpg,dataset\turnpike_0_5fps\groundtruth\gt000914.png,1370,57659,3693,8958,0.13264910921766074,0.9398063632807406,0.060193636719259355,0.8673508907823393,17.649274553571427,0.27059055895714,0.1780261191605484
dataset\turnpike_0_5fps\input\in000915.jpg,dataset\turnpike_0_5fps\groundtruth\gt000915.png,1182,62744,3881,3873,0.2338278931750742,0.9417485928705441,0.05825140712945591,0.7661721068249259,10.817522321428571,0.2334584238593719,0.23364301245305394
dataset\turnpike_0_5fps\input\in000916.jpg,dataset\turnpike_0_5fps\groundtruth\gt000916.png,878,62271,4185,4346,0.16807044410413477,0.9370260021668473,0.06297399783315276,0.8319295558958653,11.901506696428571,0.17341497136085324,0.17070088461164576
dataset\turnpike_0_5fps\input\in000917.jpg,dataset\turnpike_0_5fps\groundtruth\gt000917.png,499,56571,4564,10046,0.047321005215742055,0.9253455467408195,0.0746544532591805,0.952678994784258,20.382254464285715,0.09855816709460793,0.06394156842644796
dataset\turnpike_0_5fps\input\in000918.jpg,dataset\turnpike_0_5fps\groundtruth\gt000918.png,649,60507,4414,6110,0.09602012131972185,0.9320096732952358,0.06799032670476425,0.9039798786802782,14.681919642857142,0.12818487063006123,0.10979529690407713
dataset\turnpike_0_5fps\input\in000919.jpg,dataset\turnpike_0_5fps\groundtruth\gt000919.png,2808,60022,2255,6595,0.2986280974157184,0.9637908055943607,0.03620919440563932,0.7013719025842816,12.346540178571429,0.5546118901836855,0.38822065532973865
dataset\turnpike_0_5fps\input\in000920.jpg,dataset\turnpike_0_5fps\groundtruth\gt000920.png,905,64422,4158,2195,0.29193548387096774,0.9393700787401574,0.06062992125984252,0.7080645161290322,8.863002232142858,0.17874777799723485,0.22173220629670465
dataset\turnpike_0_5fps\input\in000921.jpg,dataset\turnpike_0_5fps\groundtruth\gt000921.png,319,62354,4744,4263,0.06962025316455696,0.9292974455274374,0.07070255447256252,0.930379746835443,12.565569196428571,0.063006122852064,0.06614826334888543
dataset\turnpike_0_5fps\input\in000922.jpg,dataset\turnpike_0_5fps\groundtruth\gt000922.png,70,62270,4993,4347,0.01584786053882726,0.9257689963278474,0.0742310036721526,0.9841521394611727,13.030133928571429,0.013825794983211535,0.014767932489451479
dataset\turnpike_0_5fps\input\in000923.jpg,dataset\turnpike_0_5fps\groundtruth\gt000923.png,1460,60550,3603,6067,0.1939683804968779,0.9438373887425374,0.05616261125746263,0.8060316195031221,13.490513392857142,0.288366581078412,0.2319301032565528
dataset\turnpike_0_5fps\input\in000924.jpg,dataset\turnpike_0_5fps\groundtruth\gt000924.png,731,63717,4332,2900,0.2013219498760672,0.9363399903011066,0.06366000969889345,0.7986780501239328,10.089285714285714,0.14438080189610902,0.16816195077064638
dataset\turnpike_0_5fps\input\in000925.jpg,dataset\turnpike_0_5fps\groundtruth\gt000925.png,740,64352,4323,2265,0.24625623960066556,0.9370513287222424,0.06294867127775755,0.7537437603993344,9.190848214285714,0.14615840410823622,0.18344075359444717
dataset\turnpike_0_5fps\input\in000926.jpg,dataset\turnpike_0_5fps\groundtruth\gt000926.png,1731,59558,3332,7059,0.1969283276450512,0.9470186039115916,0.05298139608840833,0.8030716723549488,14.496372767857142,0.34189215879913093,0.2499097668375081
dataset\turnpike_0_5fps\input\in000927.jpg,dataset\turnpike_0_5fps\groundtruth\gt000927.png,0,58531,5063,8086,0.0,0.9203855709658144,0.07961442903418561,1.0,18.344029017857142,0.0,nan
dataset\turnpike_0_5fps\input\in000928.jpg,dataset\turnpike_0_5fps\groundtruth\gt000928.png,1785,56195,3278,10422,0.14622757434259032,0.9448825517461705,0.05511744825382947,0.8537724256574096,19.112723214285715,0.35255777207189415,0.20671685002895196
dataset\turnpike_0_5fps\input\in000929.jpg,dataset\turnpike_0_5fps\groundtruth\gt000929.png,832,61555,4231,5062,0.14116050220563284,0.9356854041893412,0.0643145958106588,0.8588394977943672,12.964564732142858,0.16432944894331425,0.15186638678470385
dataset\turnpike_0_5fps\input\in000930.jpg,dataset\turnpike_0_5fps\groundtruth\gt000930.png,188,58666,4875,7951,0.023098660769136258,0.9232778835712375,0.07672211642876253,0.9769013392308638,17.893415178571427,0.037132135097768124,0.028480533252537493
dataset\turnpike_0_5fps\input\in000931.jpg,dataset\turnpike_0_5fps\groundtruth\gt000931.png,721,57846,4342,8771,0.07595870206489676,0.9301794558435711,0.0698205441564289,0.9240412979351033,18.293805803571427,0.1424056883270788,0.0990724836825833
dataset\turnpike_0_5fps\input\in000932.jpg,dataset\turnpike_0_5fps\groundtruth\gt000932.png,731,62436,4332,4181,0.14881921824104236,0.935118619698059,0.06488138030194104,0.8511807817589576,11.876395089285714,0.14438080189610902,0.14656641604010023
dataset\turnpike_0_5fps\input\in000933.jpg,dataset\turnpike_0_5fps\groundtruth\gt000933.png,408,62517,4655,4100,0.09050576752440107,0.9307002917882451,0.06929970821175489,0.9094942324755989,12.214006696428571,0.08058463361643295,0.0852575488454707
dataset\turnpike_0_5fps\input\in000934.jpg,dataset\turnpike_0_5fps\groundtruth\gt000934.png,372,63537,4691,3080,0.10776361529548088,0.9312452365597702,0.06875476344022982,0.8922363847045192,10.841238839285714,0.07347422476792416,0.08737522019964768
dataset\turnpike_0_5fps\input\in000935.jpg,dataset\turnpike_0_5fps\groundtruth\gt000935.png,557,59293,4506,7324,0.07067631011292982,0.9293719337293688,0.0706280662706312,0.9293236898870701,16.50390625,0.11001382579498321,0.08606304079110011
dataset\turnpike_0_5fps\input\in000936.jpg,dataset\turnpike_0_5fps\groundtruth\gt000936.png,1910,58316,3153,8301,0.18705317794535306,0.9487058517301404,0.051294148269859605,0.812946822054647,15.979352678571429,0.3772466916847719,0.2500982061018725
dataset\turnpike_0_5fps\input\in000937.jpg,dataset\turnpike_0_5fps\groundtruth\gt000937.png,316,63306,4747,3311,0.08712434518886132,0.9302455439143021,0.06975445608569791,0.9128756548111386,11.241629464285714,0.06241358878135493,0.07272727272727272
dataset\turnpike_0_5fps\input\in000938.jpg,dataset\turnpike_0_5fps\groundtruth\gt000938.png,1032,60846,4031,5771,0.15169778039100396,0.9378670407078009,0.062132959292199086,0.848302219608996,13.674665178571429,0.20383172032391864,0.17394235631215235
dataset\turnpike_0_5fps\input\in000939.jpg,dataset\turnpike_0_5fps\groundtruth\gt000939.png,468,58810,4595,7807,0.0565558912386707,0.9275293746549956,0.07247062534500434,0.9434441087613293,17.301897321428573,0.09243531503061427,0.07017543859649122
dataset\turnpike_0_5fps\input\in000940.jpg,dataset\turnpike_0_5fps\groundtruth\gt000940.png,752,58584,4311,8033,0.08560045532157086,0.9314571905556881,0.06854280944431194,0.9143995446784291,17.220982142857142,0.1485285403910725,0.10860774119006356
dataset\turnpike_0_5fps\input\in000941.jpg,dataset\turnpike_0_5fps\groundtruth\gt000941.png,536,55585,4527,11032,0.04633471645919779,0.9246905775885015,0.07530942241149853,0.9536652835408023,21.706194196428573,0.10586608730001976,0.06445793999158199
dataset\turnpike_0_5fps\input\in000942.jpg,dataset\turnpike_0_5fps\groundtruth\gt000942.png,1185,59264,3878,7353,0.13879128601546029,0.9385828766906338,0.06141712330936619,0.8612087139845397,15.668247767857142,0.234050957930081,0.17425189324314388
dataset\turnpike_0_5fps\input\in000943.jpg,dataset\turnpike_0_5fps\groundtruth\gt000943.png,422,57583,4641,9034,0.04462774957698815,0.9254146310105426,0.07458536898945745,0.9553722504230119,19.077845982142858,0.08334979261307525,0.058130725256560364
dataset\turnpike_0_5fps\input\in000944.jpg,dataset\turnpike_0_5fps\groundtruth\gt000944.png,1033,49859,4030,16758,0.05806306559496375,0.9252166490378371,0.07478335096216296,0.9419369344050362,29.001116071428573,0.20402923168082165,0.09039992999037368
dataset\turnpike_0_5fps\input\in000945.jpg,dataset\turnpike_0_5fps\groundtruth\gt000945.png,389,60344,4674,6273,0.05839087361152807,0.9281122150789012,0.07188778492109878,0.9416091263884719,15.272042410714286,0.07683191783527553,0.06635394456289978
dataset\turnpike_0_5fps\input\in000946.jpg,dataset\turnpike_0_5fps\groundtruth\gt000946.png,77,62853,4986,3764,0.020046862796146838,0.9265024543404237,0.07349754565957635,0.9799531372038531,12.20703125,0.015208374481532689,0.01729559748427673
dataset\turnpike_0_5fps\input\in000947.jpg,dataset\turnpike_0_5fps\groundtruth\gt000947.png,1011,59621,4052,6996,0.12626451854627202,0.9363623513891288,0.06363764861087116,0.873735481453728,15.412946428571429,0.19968398182895516,0.15470543228768172
dataset\turnpike_0_5fps\input\in000948.jpg,dataset\turnpike_0_5fps\groundtruth\gt000948.png,821,61608,4242,5009,0.14082332761578045,0.9355808656036446,0.06441913439635535,0.8591766723842196,12.905970982142858,0.162156824017381,0.15073900670155146
dataset\turnpike_0_5fps\input\in000949.jpg,dataset\turnpike_0_5fps\groundtruth\gt000949.png,1014,59109,4049,7508,0.11898615348509739,0.9358909401817663,0.06410905981823363,0.8810138465149026,16.123046875,0.20027651589966422,0.1492822966507177
dataset\turnpike_0_5fps\input\in000950.jpg,dataset\turnpike_0_5fps\groundtruth\gt000950.png,1275,58530,3788,8087,0.13618884853663746,0.9392149940627106,0.06078500593728939,0.8638111514633625,16.566685267857142,0.25182698005135296,0.17677642980935873
dataset\turnpike_0_5fps\input\in000951.jpg,dataset\turnpike_0_5fps\groundtruth\gt000951.png,744,58984,4319,7633,0.08881461143607497,0.9317725858174178,0.06822741418258219,0.9111853885639251,16.674107142857142,0.14694844953584832,0.11071428571428572
dataset\turnpike_0_5fps\input\in000952.jpg,dataset\turnpike_0_5fps\groundtruth\gt000952.png,1120,54904,3943,11713,0.08727499415569236,0.9329957347018539,0.06700426529814604,0.9127250058443076,21.841517857142858,0.22121271973138457,0.12516763522574878
dataset\turnpike_0_5fps\input\in000953.jpg,dataset\turnpike_0_5fps\groundtruth\gt000953.png,3008,42387,2055,24230,0.11043395256626772,0.9537599567976238,0.04624004320237613,0.8895660474337322,36.669921875,0.59411416156429,0.18624810377387696
dataset\turnpike_0_5fps\input\in000954.jpg,dataset\turnpike_0_5fps\groundtruth\gt000954.png,721,58154,4342,8463,0.07850609756097561,0.9305235535074244,0.06947644649257552,0.9214939024390244,17.864118303571427,0.1424056883270788,0.10121429072787254
dataset\turnpike_0_5fps\input\in000955.jpg,dataset\turnpike_0_5fps\groundtruth\gt000955.png,1295,59867,3768,6750,0.16096954630205096,0.9407873025850554,0.05921269741494461,0.839030453697949,14.673549107142858,0.2557772071894134,0.19758925846811107
dataset\turnpike_0_5fps\input\in000956.jpg,dataset\turnpike_0_5fps\groundtruth\gt000956.png,958,57016,4105,9601,0.09072828866369921,0.9328381407372262,0.06716185926277385,0.9092717113363008,19.12109375,0.189215879913095,0.12264754832927921
dataset\turnpike_0_5fps\input\in000957.jpg,dataset\turnpike_0_5fps\groundtruth\gt000957.png,1955,58404,3108,8213,0.19226986624704956,0.9494732735076082,0.050526726492391726,0.8077301337529504,15.793805803571429,0.38613470274540784,0.256713282121988
dataset\turnpike_0_5fps\input\in000958.jpg,dataset\turnpike_0_5fps\groundtruth\gt000958.png,1231,55024,3832,11593,0.095991890205864,0.9348919396493136,0.06510806035068642,0.904008109794136,21.519252232142858,0.24313648034761998,0.1376418628053894
dataset\turnpike_0_5fps\input\in000959.jpg,dataset\turnpike_0_5fps\groundtruth\gt000959.png,1037,58958,4026,7659,0.11925022999080037,0.9360790041915407,0.0639209958084593,0.8807497700091996,16.301618303571427,0.20481927710843373,0.1507376989606803
dataset\turnpike_0_5fps\input\in000960.jpg,dataset\turnpike_0_5fps\groundtruth\gt000960.png,1347,56611,3716,10006,0.11864705364220911,0.938402373729839,0.06159762627016096,0.8813529463577909,19.143415178571427,0.2660477977483705,0.16410818713450293
dataset\turnpike_0_5fps\input\in000961.jpg,dataset\turnpike_0_5fps\groundtruth\gt000961.png,427,58651,4636,7966,0.05087572977481234,0.9267464092151627,0.07325359078483733,0.9491242702251876,17.580915178571427,0.08433734939759036,0.06346611177170036
dataset\turnpike_0_5fps\input\in000962.jpg,dataset\turnpike_0_5fps\groundtruth\gt000962.png,1059,60540,4004,6077,0.148402466367713,0.9379647992067427,0.06203520079325731,0.851597533632287,14.063895089285714,0.20916452696030022,0.17362078858922864
dataset\turnpike_0_5fps\input\in000963.jpg,dataset\turnpike_0_5fps\groundtruth\gt000963.png,238,62232,4825,4385,0.05148172182565434,0.9280462889780337,0.07195371102196639,0.9485182781743456,12.848772321428571,0.04700770294291922,0.04914309312409664
dataset\turnpike_0_5fps\input\in000964.jpg,dataset\turnpike_0_5fps\groundtruth\gt000964.png,1193,59397,3870,7220,0.14180435041007963,0.9388306700175447,0.061169329982455306,0.8581956495899203,15.471540178571429,0.23563104878530516,0.17705550608489165
dataset\turnpike_0_5fps\input\in000965.jpg,dataset\turnpike_0_5fps\groundtruth\gt000965.png,406,57191,4657,9426,0.04129373474369406,0.9247024964428923,0.07529750355710775,0.958706265256306,19.647042410714285,0.0801896109026269,0.0545149378986237
dataset\turnpike_0_5fps\input\in000966.jpg,dataset\turnpike_0_5fps\groundtruth\gt000966.png,1652,59970,3411,6647,0.19906012772623208,0.9461826099304208,0.05381739006957921,0.800939872273768,14.031808035714286,0.3262887616037922,0.24726837299805418
dataset\turnpike_0_5fps\input\in000967.jpg,dataset\turnpike_0_5fps\groundtruth\gt000967.png,798,57600,4265,9017,0.08130412633723892,0.9310595651822516,0.06894043481774832,0.9186958736627611,18.529575892857142,0.15761406280861148,0.10727248286059955
dataset\turnpike_0_5fps\input\in000968.jpg,dataset\turnpike_0_5fps\groundtruth\gt000968.png,655,59230,4408,7387,0.08144740114399403,0.9307332097174644,0.06926679028253559,0.9185525988560059,16.455078125,0.12936993877147937,0.09996184662342616
dataset\turnpike_0_5fps\input\in000969.jpg,dataset\turnpike_0_5fps\groundtruth\gt000969.png,1997,62996,3066,3621,0.3554645781416874,0.9535890527080622,0.04641094729193788,0.6445354218583126,9.328962053571429,0.3944301797353348,0.373935024810411
dataset\turnpike_0_5fps\input\in000970.jpg,dataset\turnpike_0_5fps\groundtruth\gt000970.png,605,63646,4458,2971,0.1691834451901566,0.9345412897920827,0.0654587102079173,0.8308165548098434,10.364118303571429,0.11949437092632827,0.14006250723463365
dataset\turnpike_0_5fps\input\in000971.jpg,dataset\turnpike_0_5fps\groundtruth\gt000971.png,655,61804,4408,4813,0.1197878566203365,0.9334259650818583,0.06657403491814173,0.8802121433796635,12.864118303571429,0.12936993877147937,0.12439464438324946
dataset\turnpike_0_5fps\input\in000972.jpg,dataset\turnpike_0_5fps\groundtruth\gt000972.png,3,62129,5060,4488,0.0006680026720106881,0.9246900534313652,0.07530994656863475,0.9993319973279893,13.3203125,0.0005925340707090658,0.0006280092108017585
dataset\turnpike_0_5fps\input\in000973.jpg,dataset\turnpike_0_5fps\groundtruth\gt000973.png,1326,57952,3737,8665,0.13271944750275247,0.9394219390815218,0.06057806091847817,0.8672805524972476,17.301897321428573,0.2619000592534071,0.1761658031088083
dataset\turnpike_0_5fps\input\in000974.jpg,dataset\turnpike_0_5fps\groundtruth\gt000974.png,1787,58871,3276,7746,0.1874541067869506,0.947286272869165,0.052713727130834956,0.8125458932130494,15.376674107142858,0.3529527947857002,0.24486160591943
dataset\turnpike_0_5fps\input\in000975.jpg,dataset\turnpike_0_5fps\groundtruth\gt000975.png,376,60924,4687,5693,0.061954193442082715,0.9285638078980659,0.07143619210193412,0.9380458065579172,14.481026785714286,0.07426427019553625,0.06755300035932447
dataset\turnpike_0_5fps\input\in000976.jpg,dataset\turnpike_0_5fps\groundtruth\gt000976.png,591,61653,4472,4964,0.10639063906390639,0.9323705103969754,0.06762948960302458,0.8936093609360936,13.1640625,0.11672921192968595,0.11132039932190621
dataset\turnpike_0_5fps\input\in000977.jpg,dataset\turnpike_0_5fps\groundtruth\gt000977.png,83,61785,4980,4832,0.01688708036622584,0.9254100202201753,0.07458997977982476,0.9831129196337741,13.688616071428571,0.01639344262295082,0.016636600521146523
dataset\turnpike_0_5fps\input\in000978.jpg,dataset\turnpike_0_5fps\groundtruth\gt000978.png,624,63643,4439,2974,0.1734296831573096,0.9347992127140801,0.06520078728591992,0.8265703168426903,10.341796875,0.12324708670748569,0.14409421544856252
dataset\turnpike_0_5fps\input\in000979.jpg,dataset\turnpike_0_5fps\groundtruth\gt000979.png,590,60137,4473,6480,0.08345120226308345,0.9307692307692308,0.06923076923076923,0.9165487977369166,15.280412946428571,0.11653170057278293,0.09725541910492044
dataset\turnpike_0_5fps\input\in000980.jpg,dataset\turnpike_0_5fps\groundtruth\gt000980.png,1364,59742,3699,6875,0.16555407209612816,0.9416938572847212,0.058306142715278765,0.8344459279038718,14.751674107142858,0.2694054908157219,0.20508194256502782
dataset\turnpike_0_5fps\input\in000981.jpg,dataset\turnpike_0_5fps\groundtruth\gt000981.png,623,60997,4440,5620,0.09979176677879224,0.9321484786894265,0.06785152131057352,0.9002082332212078,14.034598214285714,0.12304957535058265,0.11020696975057491
dataset\turnpike_0_5fps\input\in000982.jpg,dataset\turnpike_0_5fps\groundtruth\gt000982.png,1057,60749,4006,5868,0.15263537906137184,0.9381360512701722,0.06186394872982781,0.8473646209386282,13.775111607142858,0.20876950424649418,0.17634300967634303
dataset\turnpike_0_5fps\input\in000983.jpg,dataset\turnpike_0_5fps\groundtruth\gt000983.png,229,59368,4834,7249,0.030623161273067665,0.9247063954393944,0.07529360456060559,0.9693768387269324,16.856863839285715,0.04523010073079202,0.03652021369906706
dataset\turnpike_0_5fps\input\in000984.jpg,dataset\turnpike_0_5fps\groundtruth\gt000984.png,1367,60773,3696,5844,0.18957148800443765,0.9426701205230421,0.05732987947695792,0.8104285119955623,13.309151785714286,0.269998024886431,0.2227472706534137
dataset\turnpike_0_5fps\input\in000985.jpg,dataset\turnpike_0_5fps\groundtruth\gt000985.png,864,61929,4199,4688,0.15561959654178675,0.936501935639971,0.06349806436002904,0.8443804034582133,12.398158482142858,0.17064981236421095,0.16278850682995763
dataset\turnpike_0_5fps\input\in000986.jpg,dataset\turnpike_0_5fps\groundtruth\gt000986.png,1053,62503,4010,4114,0.20379330365782852,0.9397110339332161,0.06028896606678394,0.7962066963421714,11.333705357142858,0.20797945881888208,0.2058651026392962
dataset\turnpike_0_5fps\input\in000987.jpg,dataset\turnpike_0_5fps\groundtruth\gt000987.png,893,63889,4170,2728,0.24661695664181166,0.9387296316431332,0.06127036835686683,0.7533830433581884,9.623325892857142,0.17637764171439857,0.2056655918931368
dataset\turnpike_0_5fps\input\in000988.jpg,dataset\turnpike_0_5fps\groundtruth\gt000988.png,966,60853,4097,5764,0.14353640416047547,0.9369207082371055,0.06307929176289453,0.8564635958395245,13.756975446428571,0.19079597076831917,0.1638259984736708
dataset\turnpike_0_5fps\input\in000989.jpg,dataset\turnpike_0_5fps\groundtruth\gt000989.png,570,63413,4493,3204,0.151033386327504,0.9338350072158572,0.06616499278414278,0.848966613672496,10.738002232142858,0.1125814734347225,0.12900305533552112
dataset\turnpike_0_5fps\input\in000990.jpg,dataset\turnpike_0_5fps\groundtruth\gt000990.png,540,62037,4523,4580,0.10546875,0.9320462740384615,0.06795372596153847,0.89453125,12.699497767857142,0.10665613272763184,0.10605911813807326
dataset\turnpike_0_5fps\input\in000991.jpg,dataset\turnpike_0_5fps\groundtruth\gt000991.png,1451,58103,3612,8514,0.14560963371801305,0.9414728996192173,0.05852710038078263,0.854390366281987,16.916852678571427,0.2865889788662848,0.19310620175672077
dataset\turnpike_0_5fps\input\in000992.jpg,dataset\turnpike_0_5fps\groundtruth\gt000992.png,507,61321,4556,5296,0.08736860244701017,0.9308408093871913,0.06915919061280872,0.9126313975529898,13.744419642857142,0.10013825794983211,0.09331860850358917
dataset\turnpike_0_5fps\input\in000993.jpg,dataset\turnpike_0_5fps\groundtruth\gt000993.png,1850,61645,3213,4972,0.27118147170917617,0.9504610071232539,0.049538992876746124,0.7288185282908238,11.418805803571429,0.36539601027059054,0.3113167858645351
dataset\turnpike_0_5fps\input\in000994.jpg,dataset\turnpike_0_5fps\groundtruth\gt000994.png,34,53233,5029,13384,0.0025339096735728125,0.9136830180906937,0.08631698190930624,0.9974660903264272,25.687779017857142,0.006715386134702746,0.003679454574968887
dataset\turnpike_0_5fps\input\in000995.jpg,dataset\turnpike_0_5fps\groundtruth\gt000995.png,416,59739,4647,6878,0.057033177954483136,0.9278259248905042,0.07217407510949585,0.9429668220455169,16.078404017857142,0.08216472447165712,0.06733025815327344
dataset\turnpike_0_5fps\input\in000996.jpg,dataset\turnpike_0_5fps\groundtruth\gt000996.png,2770,56592,2293,10025,0.2164908167252833,0.9610596926212108,0.03894030737878917,0.7835091832747166,17.184709821428573,0.5471064586213708,0.3102251091947587
dataset\turnpike_0_5fps\input\in000997.jpg,dataset\turnpike_0_5fps\groundtruth\gt000997.png,378,56911,4685,9706,0.037485124950416504,0.9239398662250795,0.07606013377492045,0.9625148750495836,20.076729910714285,0.07465929290934228,0.049910873440285206
dataset\turnpike_0_5fps\input\in000998.jpg,dataset\turnpike_0_5fps\groundtruth\gt000998.png,1278,62173,3785,4444,0.22334847955260398,0.9426149974226022,0.05738500257739774,0.776651520447396,11.480189732142858,0.25241951412206204,0.23699582753824758
dataset\turnpike_0_5fps\input\in000999.jpg,dataset\turnpike_0_5fps\groundtruth\gt000999.png,517,60819,4546,5798,0.08186856690419636,0.9304520767995105,0.06954792320048955,0.9181314330958037,14.430803571428571,0.10211337151886234,0.09087713130602917
dataset\turnpike_0_5fps\input\in001000.jpg,dataset\turnpike_0_5fps\groundtruth\gt001000.png,1416,60121,3647,6496,0.1789686552072801,0.9428083051060093,0.057191694893990716,0.8210313447927199,14.150390625,0.27967608137467903,0.2182658959537572
dataset\turnpike_0_5fps\input\in001001.jpg,dataset\turnpike_0_5fps\groundtruth\gt001001.png,1554,61379,3509,5238,0.22879858657243815,0.9459222044137591,0.05407779558624091,0.7712014134275619,12.202845982142858,0.3069326486272961,0.2621678616617461
dataset\turnpike_0_5fps\input\in001002.jpg,dataset\turnpike_0_5fps\groundtruth\gt001002.png,777,60785,4286,5832,0.11756695415342715,0.9341334849625793,0.06586651503742066,0.8824330458465729,14.115513392857142,0.15346632431364804,0.13313913639479094
dataset\turnpike_0_5fps\input\in001003.jpg,dataset\turnpike_0_5fps\groundtruth\gt001003.png,153,59509,4910,7108,0.02107147775788459,0.9237802511681337,0.07621974883186637,0.9789285222421155,16.766183035714285,0.030219237606162356,0.02482960077896787
dataset\turnpike_0_5fps\input\in001004.jpg,dataset\turnpike_0_5fps\groundtruth\gt001004.png,1346,52960,3717,13657,0.08971539025528227,0.934417841452441,0.06558215854755897,0.9102846097447177,24.23828125,0.2658502863914675,0.1341572809727898
dataset\turnpike_0_5fps\input\in001005.jpg,dataset\turnpike_0_5fps\groundtruth\gt001005.png,110,57845,4953,8772,0.012384598063499211,0.9211280614032294,0.0788719385967706,0.9876154019365008,19.147600446428573,0.021726249259332413,0.01577626389386877
dataset\turnpike_0_5fps\input\in001006.jpg,dataset\turnpike_0_5fps\groundtruth\gt001006.png,1591,59397,3472,7220,0.18056974236749518,0.9447740539852709,0.05522594601472904,0.8194302576325049,14.916294642857142,0.3142405688327079,0.22934986305319305
dataset\turnpike_0_5fps\input\in001007.jpg,dataset\turnpike_0_5fps\groundtruth\gt001007.png,1407,59036,3656,7581,0.15654205607476634,0.9416831493651503,0.05831685063484974,0.8434579439252337,15.676618303571429,0.27789847916255184,0.20027044338481245
dataset\turnpike_0_5fps\input\in001008.jpg,dataset\turnpike_0_5fps\groundtruth\gt001008.png,651,62044,4412,4573,0.12461715160796324,0.9336102082580956,0.06638979174190442,0.8753828483920367,12.534877232142858,0.12857989334386727,0.12656751239428407
dataset\turnpike_0_5fps\input\in001009.jpg,dataset\turnpike_0_5fps\groundtruth\gt001009.png,251,60495,4812,6122,0.03938490506825671,0.926317240112086,0.073682759887914,0.9606150949317432,15.25390625,0.0495753505826585,0.04389646729625743
dataset\turnpike_0_5fps\input\in001010.jpg,dataset\turnpike_0_5fps\groundtruth\gt001010.png,1674,61308,3389,5309,0.23972504654160104,0.9476173547459696,0.05238264525403032,0.760274953458399,12.134486607142858,0.3306340114556587,0.27793458409430516
dataset\turnpike_0_5fps\input\in001011.jpg,dataset\turnpike_0_5fps\groundtruth\gt001011.png,2479,53831,2584,12786,0.1623976416639371,0.954196578924045,0.045803421075954975,0.8376023583360629,21.442522321428573,0.48963065376259135,0.24390003935458482
dataset\turnpike_0_5fps\input\in001012.jpg,dataset\turnpike_0_5fps\groundtruth\gt001012.png,351,63424,4712,3193,0.09904063205417607,0.9308441939650112,0.06915580603498885,0.9009593679458239,11.028180803571429,0.06932648627296069,0.08156151969327291
dataset\turnpike_0_5fps\input\in001013.jpg,dataset\turnpike_0_5fps\groundtruth\gt001013.png,600,62991,4463,3626,0.14197823000473261,0.9338363922080233,0.06616360779197676,0.8580217699952674,11.284877232142858,0.11850681414181316,0.12918505759500487
dataset\turnpike_0_5fps\input\in001014.jpg,dataset\turnpike_0_5fps\groundtruth\gt001014.png,1418,63391,3645,3226,0.3053402239448751,0.9456262306820216,0.0543737693179784,0.6946597760551249,9.585658482142858,0.28007110408848507,0.29216029669310806
dataset\turnpike_0_5fps\input\in001015.jpg,dataset\turnpike_0_5fps\groundtruth\gt001015.png,1233,59535,3830,7082,0.14828622970535177,0.9395565375207133,0.06044346247928667,0.8517137702946482,15.223214285714286,0.24353150306142604,0.18433248617132605
dataset\turnpike_0_5fps\input\in001016.jpg,dataset\turnpike_0_5fps\groundtruth\gt001016.png,1125,60746,3938,5871,0.16080617495711835,0.9391194112918186,0.06088058870818131,0.8391938250428816,13.684430803571429,0.22220027651589966,0.18658263537606765
dataset\turnpike_0_5fps\input\in001017.jpg,dataset\turnpike_0_5fps\groundtruth\gt001017.png,942,62879,4121,3738,0.2012820512820513,0.9384925373134329,0.06150746268656716,0.7987179487179488,10.964006696428571,0.18605569820264664,0.19336959868623627
dataset\turnpike_0_5fps\input\in001018.jpg,dataset\turnpike_0_5fps\groundtruth\gt001018.png,719,60313,4344,6304,0.10237790118183113,0.9328146991045053,0.06718530089549468,0.8976220988181689,14.854910714285714,0.14201066561327277,0.11898063875558498
dataset\turnpike_0_5fps\input\in001019.jpg,dataset\turnpike_0_5fps\groundtruth\gt001019.png,1733,61480,3330,5137,0.25225618631732166,0.9486190402715631,0.05138095972843697,0.7477438136826783,11.812220982142858,0.34228718151293697,0.2904550406435934
dataset\turnpike_0_5fps\input\in001020.jpg,dataset\turnpike_0_5fps\groundtruth\gt001020.png,1314,64525,3749,2092,0.3857897827363476,0.9450889064651258,0.05491109353487418,0.6142102172636523,8.148716517857142,0.2595299229705708,0.3103081827842721
dataset\turnpike_0_5fps\input\in001021.jpg,dataset\turnpike_0_5fps\groundtruth\gt001021.png,1061,61365,4002,5252,0.16806589577063202,0.9387764468309697,0.06122355316903024,0.831934104229368,12.91015625,0.20955954967410625,0.18653305203938111
dataset\turnpike_0_5fps\input\in001022.jpg,dataset\turnpike_0_5fps\groundtruth\gt001022.png,624,60591,4439,6026,0.09383458646616541,0.9317391972935568,0.06826080270644318,0.9061654135338346,14.599609375,0.12324708670748569,0.10654827968923418
dataset\turnpike_0_5fps\input\in001023.jpg,dataset\turnpike_0_5fps\groundtruth\gt001023.png,515,59241,4548,7376,0.0652642250665315,0.9287024408597093,0.07129755914029065,0.9347357749334685,16.635044642857142,0.10171834880505629,0.07951211980855336
dataset\turnpike_0_5fps\input\in001024.jpg,dataset\turnpike_0_5fps\groundtruth\gt001024.png,305,60645,4758,5972,0.04859009080771069,0.9272510435301133,0.0727489564698867,0.9514099091922893,14.969308035714286,0.060240963855421686,0.05379188712522046
dataset\turnpike_0_5fps\input\in001025.jpg,dataset\turnpike_0_5fps\groundtruth\gt001025.png,334,59244,4729,7373,0.0433372258985338,0.926078189236084,0.07392181076391603,0.9566627741014662,16.883370535714285,0.06596879320560932,0.05231010180109632
dataset\turnpike_0_5fps\input\in001026.jpg,dataset\turnpike_0_5fps\groundtruth\gt001026.png,1439,53255,3624,13362,0.09722316059725694,0.9362857996800225,0.0637142003199775,0.902776839402743,23.696986607142858,0.28421884258344854,0.14488521949254934
dataset\turnpike_0_5fps\input\in001027.jpg,dataset\turnpike_0_5fps\groundtruth\gt001027.png,1124,55098,3939,11519,0.08890295024914972,0.9332791300370954,0.06672086996290462,0.9110970497508503,21.565290178571427,0.22200276515899664,0.12696261154410934
dataset\turnpike_0_5fps\input\in001028.jpg,dataset\turnpike_0_5fps\groundtruth\gt001028.png,610,59221,4453,7396,0.07619285535848114,0.9300656468888401,0.06993435311115997,0.9238071446415188,16.530412946428573,0.12048192771084337,0.09335067717499426
dataset\turnpike_0_5fps\input\in001029.jpg,dataset\turnpike_0_5fps\groundtruth\gt001029.png,911,58929,4152,7688,0.10594255145947203,0.934179863984401,0.065820136015599,0.8940574485405279,16.517857142857142,0.17993284613865299,0.13336261162348118
dataset\turnpike_0_5fps\input\in001030.jpg,dataset\turnpike_0_5fps\groundtruth\gt001030.png,1398,57674,3665,8943,0.1351900203075138,0.9402500855899183,0.05974991441008168,0.8648099796924862,17.589285714285715,0.27612087695042464,0.18151129576733316
dataset\turnpike_0_5fps\input\in001031.jpg,dataset\turnpike_0_5fps\groundtruth\gt001031.png,955,60663,4108,5954,0.1382255029671443,0.9365765543221504,0.06342344567784966,0.8617744970328557,14.037388392857142,0.18862334584238594,0.15953892415636484
dataset\turnpike_0_5fps\input\in001032.jpg,dataset\turnpike_0_5fps\groundtruth\gt001032.png,1147,61211,3916,5406,0.1750343354188921,0.9398713283277289,0.0601286716722711,0.8249656645811079,13.005022321428571,0.22654552636776615,0.19748622589531678
dataset\turnpike_0_5fps\input\in001033.jpg,dataset\turnpike_0_5fps\groundtruth\gt001033.png,1342,58935,3721,7682,0.1487145390070922,0.9406122318692544,0.05938776813074566,0.8512854609929078,15.908203125,0.26506024096385544,0.19053027614112303
dataset\turnpike_0_5fps\input\in001034.jpg,dataset\turnpike_0_5fps\groundtruth\gt001034.png,678,57404,4385,9213,0.06854716408856536,0.9290326757189791,0.0709673242810209,0.9314528359114347,18.970424107142858,0.13391269998024885,0.09067807944362712
dataset\turnpike_0_5fps\input\in001035.jpg,dataset\turnpike_0_5fps\groundtruth\gt001035.png,163,56415,4900,10202,0.015726000964785335,0.9200848079589008,0.07991519204109925,0.9842739990352146,21.068638392857142,0.03219435117519257,0.02113041223749028
dataset\turnpike_0_5fps\input\in001036.jpg,dataset\turnpike_0_5fps\groundtruth\gt001036.png,1109,59291,3954,7326,0.13147599288678127,0.937481223812159,0.06251877618784094,0.8685240071132188,15.736607142857142,0.2190400948054513,0.16432064009482886
dataset\turnpike_0_5fps\input\in001037.jpg,dataset\turnpike_0_5fps\groundtruth\gt001037.png,1044,54912,4019,11705,0.08188877559024237,0.9318015984795778,0.06819840152042218,0.9181112244097577,21.936383928571427,0.20620185660675489,0.11722434313945652
dataset\turnpike_0_5fps\input\in001038.jpg,dataset\turnpike_0_5fps\groundtruth\gt001038.png,1248,54221,3815,12396,0.09146877748460862,0.9342649390033773,0.06573506099662278,0.9085312225153914,22.615792410714285,0.24649417341497137,0.13342599027102153
dataset\turnpike_0_5fps\input\in001039.jpg,dataset\turnpike_0_5fps\groundtruth\gt001039.png,2110,57834,2953,8783,0.19370237767373544,0.9514205339957557,0.04857946600424433,0.8062976223262646,16.372767857142858,0.41674896306537623,0.2644773126096766
dataset\turnpike_0_5fps\input\in001040.jpg,dataset\turnpike_0_5fps\groundtruth\gt001040.png,1029,57530,4034,9087,0.10172004744958482,0.934474693002404,0.065525306997596,0.8982799525504152,18.304966517857142,0.20323918625320955,0.13558205415376506
dataset\turnpike_0_5fps\input\in001041.jpg,dataset\turnpike_0_5fps\groundtruth\gt001041.png,1496,58078,3567,8539,0.14907822620827105,0.9421364263119475,0.05786357368805256,0.850921773791729,16.888950892857142,0.2954769899269208,0.19817194330374882
dataset\turnpike_0_5fps\input\in001042.jpg,dataset\turnpike_0_5fps\groundtruth\gt001042.png,762,59503,4301,7114,0.09674961909598781,0.9325904332016801,0.06740956679831986,0.9032503809040122,15.924944196428571,0.1505036539601027,0.11778344539763505
dataset\turnpike_0_5fps\input\in001043.jpg,dataset\turnpike_0_5fps\groundtruth\gt001043.png,920,56115,4143,10502,0.08054631413062512,0.9312456437319526,0.06875435626804739,0.9194536858693749,20.431082589285715,0.18171044835078018,0.11161662117076131
dataset\turnpike_0_5fps\input\in001044.jpg,dataset\turnpike_0_5fps\groundtruth\gt001044.png,98,58328,4965,8289,0.011684750208656254,0.9215553062739955,0.07844469372600446,0.9883152497913438,18.490513392857142,0.01935611297649615,0.014572490706319705
dataset\turnpike_0_5fps\input\in001045.jpg,dataset\turnpike_0_5fps\groundtruth\gt001045.png,1173,62182,3890,4435,0.20916547788873038,0.9411248335149534,0.058875166485046614,0.7908345221112696,11.614118303571429,0.2316808216472447,0.21984818667416361
dataset\turnpike_0_5fps\input\in001046.jpg,dataset\turnpike_0_5fps\groundtruth\gt001046.png,207,58194,4856,8423,0.023986095017381227,0.9229817605075337,0.07701823949246629,0.9760139049826188,18.525390625,0.04088485087892554,0.030234426349229536
dataset\turnpike_0_5fps\input\in001047.jpg,dataset\turnpike_0_5fps\groundtruth\gt001047.png,536,61877,4527,4740,0.10159211523881728,0.931826396000241,0.06817360399975905,0.8984078847611827,12.928292410714286,0.10586608730001976,0.10368507592610504
dataset\turnpike_0_5fps\input\in001048.jpg,dataset\turnpike_0_5fps\groundtruth\gt001048.png,792,60117,4271,6500,0.1086121777290181,0.9336677641796608,0.06633223582033919,0.8913878222709819,15.026506696428571,0.15642899466719337,0.1282072035613112
dataset\turnpike_0_5fps\input\in001049.jpg,dataset\turnpike_0_5fps\groundtruth\gt001049.png,429,57985,4634,8632,0.047345767575322814,0.9259969018987847,0.07400309810121529,0.9526542324246772,18.507254464285715,0.0847323721113964,0.06074766355140187
dataset\turnpike_0_5fps\input\in001050.jpg,dataset\turnpike_0_5fps\groundtruth\gt001050.png,789,55633,4274,10984,0.06701775248449843,0.9286560835962409,0.07134391640375916,0.9329822475155015,21.286272321428573,0.1558364605964843,0.09372772630078402
dataset\turnpike_0_5fps\input\in001051.jpg,dataset\turnpike_0_5fps\groundtruth\gt001051.png,724,59566,4339,7051,0.09311897106109325,0.9321023394100618,0.0678976605899382,0.9068810289389068,15.890066964285714,0.14299822239778787,0.11279015422963079
dataset\turnpike_0_5fps\input\in001052.jpg,dataset\turnpike_0_5fps\groundtruth\gt001052.png,545,62243,4518,4374,0.11079487700752186,0.932325759050943,0.06767424094905708,0.8892051229924781,12.405133928571429,0.10764368951214695,0.10919655379683431
dataset\turnpike_0_5fps\input\in001053.jpg,dataset\turnpike_0_5fps\groundtruth\gt001053.png,193,62064,4870,4553,0.04066582385166456,0.9272417605402337,0.07275823945976634,0.9593341761483355,13.145926339285714,0.03811969188228323,0.039351615862982976
dataset\turnpike_0_5fps\input\in001054.jpg,dataset\turnpike_0_5fps\groundtruth\gt001054.png,871,61435,4192,5182,0.14389558896415,0.9361238514635745,0.06387614853642555,0.85610441103585,13.077566964285714,0.1720323918625321,0.15671104713925874
dataset\turnpike_0_5fps\input\in001055.jpg,dataset\turnpike_0_5fps\groundtruth\gt001055.png,359,59873,4704,6744,0.05054202449669154,0.9271567276274835,0.07284327237251653,0.9494579755033085,15.970982142857142,0.07090657712818486,0.05901693243465395
dataset\turnpike_0_5fps\input\in001056.jpg,dataset\turnpike_0_5fps\groundtruth\gt001056.png,301,59825,4762,6792,0.0424362047088679,0.926269992413334,0.07373000758666605,0.9575637952911321,16.118861607142858,0.0594509184278096,0.04952286936492267
dataset\turnpike_0_5fps\input\in001057.jpg,dataset\turnpike_0_5fps\groundtruth\gt001057.png,990,58912,4073,7705,0.11385853939045429,0.9353338096372152,0.06466619036278479,0.8861414606095457,16.431361607142858,0.1955362433339917,0.14391626689925863
dataset\turnpike_0_5fps\input\in001058.jpg,dataset\turnpike_0_5fps\groundtruth\gt001058.png,44,59285,5019,7332,0.00596529284164859,0.9219488678775815,0.07805113212241852,0.9940347071583514,17.230747767857142,0.008690499703732965,0.007074523675536619
dataset\turnpike_0_5fps\input\in001059.jpg,dataset\turnpike_0_5fps\groundtruth\gt001059.png,2107,58581,2956,8036,0.20772946859903382,0.9519638591416546,0.048036140858345386,0.7922705314009661,15.334821428571429,0.4161564289946672,0.27712744969091146
dataset\turnpike_0_5fps\input\in001060.jpg,dataset\turnpike_0_5fps\groundtruth\gt001060.png,2336,58460,2727,8157,0.22262460688077765,0.9554317093500253,0.04456829064997467,0.7773753931192223,15.184151785714286,0.46138652972545924,0.30033427616353814
dataset\turnpike_0_5fps\input\in001061.jpg,dataset\turnpike_0_5fps\groundtruth\gt001061.png,2486,53863,2577,12754,0.1631233595800525,0.9543408929836995,0.04565910701630049,0.8368766404199475,21.388113839285715,0.4910132332609125,0.2448899177461459
dataset\turnpike_0_5fps\input\in001062.jpg,dataset\turnpike_0_5fps\groundtruth\gt001062.png,144,60784,4919,5833,0.02409235402375774,0.9251327945451502,0.07486720545484986,0.9759076459762422,15.0,0.02844163539403516,0.026086956521739132
dataset\turnpike_0_5fps\input\in001063.jpg,dataset\turnpike_0_5fps\groundtruth\gt001063.png,247,60514,4816,6103,0.03889763779527559,0.9262819531608756,0.07371804683912445,0.9611023622047244,15.232979910714286,0.048785305155046414,0.043283974415140626
dataset\turnpike_0_5fps\input\in001064.jpg,dataset\turnpike_0_5fps\groundtruth\gt001064.png,745,61515,4318,5102,0.12741576877030955,0.9344097944799721,0.06559020552002795,0.8725842312296904,13.141741071428571,0.14714596089275134,0.1365719523373052
dataset\turnpike_0_5fps\input\in001065.jpg,dataset\turnpike_0_5fps\groundtruth\gt001065.png,1272,58147,3791,8470,0.1305686717306508,0.9387936323420194,0.061206367657980564,0.8694313282693492,17.105189732142858,0.2512344459806439,0.1718338399189463
dataset\turnpike_0_5fps\input\in001066.jpg,dataset\turnpike_0_5fps\groundtruth\gt001066.png,996,60174,4067,6443,0.13388896357037236,0.9366915209912673,0.06330847900873274,0.8661110364296276,14.662388392857142,0.19672131147540983,0.15933450647896336
dataset\turnpike_0_5fps\input\in001067.jpg,dataset\turnpike_0_5fps\groundtruth\gt001067.png,1177,58741,3886,7876,0.13001215066828675,0.9379500854264136,0.062049914573586475,0.8699878493317132,16.409040178571427,0.2324708670748568,0.16676112213091526
dataset\turnpike_0_5fps\input\in001068.jpg,dataset\turnpike_0_5fps\groundtruth\gt001068.png,623,62238,4440,4379,0.12455017992802879,0.9334113200755871,0.06658867992441285,0.8754498200719713,12.303292410714286,0.12304957535058265,0.1237953303527074
dataset\turnpike_0_5fps\input\in001069.jpg,dataset\turnpike_0_5fps\groundtruth\gt001069.png,316,61405,4747,5212,0.057163531114327065,0.9282410206796469,0.07175897932035312,0.942836468885673,13.893694196428571,0.06241358878135493,0.0596733075252573
dataset\turnpike_0_5fps\input\in001070.jpg,dataset\turnpike_0_5fps\groundtruth\gt001070.png,757,61208,4306,5409,0.12277002919234511,0.9342735903776292,0.0657264096223708,0.8772299708076549,13.553292410714286,0.1495160971755876,0.1348294594353905
dataset\turnpike_0_5fps\input\in001071.jpg,dataset\turnpike_0_5fps\groundtruth\gt001071.png,373,62368,4690,4249,0.08070099524015578,0.9300605446031793,0.06993945539682066,0.9192990047598443,12.470703125,0.07367173612482718,0.07702632937532267
dataset\turnpike_0_5fps\input\in001072.jpg,dataset\turnpike_0_5fps\groundtruth\gt001072.png,176,62044,4887,4573,0.03706043377553169,0.9269845064319971,0.07301549356800287,0.9629395662244683,13.197544642857142,0.03476199881493186,0.03587443946188341
dataset\turnpike_0_5fps\input\in001073.jpg,dataset\turnpike_0_5fps\groundtruth\gt001073.png,1239,57726,3824,8891,0.12230997038499507,0.9378716490658001,0.062128350934199834,0.877690029615005,17.738560267857142,0.24471657120284415,0.1631014282893438
dataset\turnpike_0_5fps\input\in001074.jpg,dataset\turnpike_0_5fps\groundtruth\gt001074.png,1893,62997,3170,3620,0.34337021585343735,0.9520909214563151,0.04790907854368492,0.6566297841465627,9.47265625,0.3738889986174205,0.3579803328290469
dataset\turnpike_0_5fps\input\in001075.jpg,dataset\turnpike_0_5fps\groundtruth\gt001075.png,171,52676,4892,13941,0.01211734693877551,0.9150222345747637,0.08497776542523625,0.9878826530612245,26.273716517857142,0.03377444203041675,0.017835723598435462
dataset\turnpike_0_5fps\input\in001076.jpg,dataset\turnpike_0_5fps\groundtruth\gt001076.png,255,54394,4808,12223,0.020435967302452316,0.9187865274821797,0.08121347251782034,0.9795640326975477,23.759765625,0.05036539601027059,0.02907473918248674
dataset\turnpike_0_5fps\input\in001077.jpg,dataset\turnpike_0_5fps\groundtruth\gt001077.png,674,58613,4389,8004,0.07766766536068219,0.9303355449033364,0.0696644550966636,0.9223323346393179,17.289341517857142,0.13312265455263678,0.09810057492176696
dataset\turnpike_0_5fps\input\in001078.jpg,dataset\turnpike_0_5fps\groundtruth\gt001078.png,905,64058,4158,2559,0.26125866050808316,0.9390465579922599,0.06095344200774012,0.7387413394919169,9.370814732142858,0.17874777799723485,0.21226691685235138
dataset\turnpike_0_5fps\input\in001079.jpg,dataset\turnpike_0_5fps\groundtruth\gt001079.png,1875,56732,3188,9885,0.15943877551020408,0.9467957276368492,0.05320427236315087,0.8405612244897959,18.238002232142858,0.3703337941931661,0.22290911252452
dataset\turnpike_0_5fps\input\in001080.jpg,dataset\turnpike_0_5fps\groundtruth\gt001080.png,649,61099,4414,5518,0.10523755472677153,0.9326240593469999,0.06737594065300016,0.8947624452732285,13.856026785714286,0.12818487063006123,0.1155832591273375
dataset\turnpike_0_5fps\input\in001081.jpg,dataset\turnpike_0_5fps\groundtruth\gt001081.png,691,55012,4372,11605,0.05619713728041639,0.926377475414253,0.073622524585747,0.9438028627195836,22.289341517857142,0.13648034761998815,0.07961288092632063
dataset\turnpike_0_5fps\input\in001082.jpg,dataset\turnpike_0_5fps\groundtruth\gt001082.png,540,61660,4523,4957,0.09823540112788794,0.9316591874046205,0.06834081259537948,0.901764598872112,13.225446428571429,0.10665613272763184,0.10227272727272728
dataset\turnpike_0_5fps\input\in001083.jpg,dataset\turnpike_0_5fps\groundtruth\gt001083.png,393,64079,4670,2538,0.13408393039918118,0.9320717392252978,0.06792826077470218,0.8659160696008188,10.055803571428571,0.07762196326288762,0.09832374280710533
dataset\turnpike_0_5fps\input\in001084.jpg,dataset\turnpike_0_5fps\groundtruth\gt001084.png,0,63490,5063,3127,0.0,0.9261447347307923,0.07385526526920777,1.0,11.42578125,0.0,nan
dataset\turnpike_0_5fps\input\in001085.jpg,dataset\turnpike_0_5fps\groundtruth\gt001085.png,1157,61166,3906,5451,0.175090799031477,0.939974182444062,0.06002581755593804,0.824909200968523,13.053850446428571,0.22852063993679636,0.19826921429183447
dataset\turnpike_0_5fps\input\in001086.jpg,dataset\turnpike_0_5fps\groundtruth\gt001086.png,2229,56797,2834,9820,0.18499460536144077,0.9524743841290604,0.04752561587093961,0.8150053946385593,17.653459821428573,0.44025281453683585,0.2605189340813464
dataset\turnpike_0_5fps\input\in001087.jpg,dataset\turnpike_0_5fps\groundtruth\gt001087.png,452,60063,4611,6554,0.06451612903225806,0.9287039614064384,0.07129603859356155,0.9354838709677419,15.576171875,0.08927513332016591,0.07490264313530533
dataset\turnpike_0_5fps\input\in001088.jpg,dataset\turnpike_0_5fps\groundtruth\gt001088.png,6,61782,5057,4835,0.0012394133443503407,0.9243405796017296,0.07565942039827048,0.9987605866556497,13.800223214285714,0.0011850681414181316,0.0012116316639741518
dataset\turnpike_0_5fps\input\in001089.jpg,dataset\turnpike_0_5fps\groundtruth\gt001089.png,2441,54270,2622,12347,0.165066269948607,0.9539126766504957,0.04608732334950432,0.834933730051393,20.883091517857142,0.48212522220027654,0.24593219485164478
dataset\turnpike_0_5fps\input\in001090.jpg,dataset\turnpike_0_5fps\groundtruth\gt001090.png,1114,58440,3949,8177,0.1199009794424712,0.9367035855679687,0.06329641443203128,0.8800990205575288,16.916852678571427,0.22002765158996643,0.1552180576842692
dataset\turnpike_0_5fps\input\in001091.jpg,dataset\turnpike_0_5fps\groundtruth\gt001091.png,124,61290,4939,5327,0.022748119611080534,0.9254254178683055,0.07457458213169457,0.9772518803889194,14.321986607142858,0.02449140825597472,0.023587597489062206
dataset\turnpike_0_5fps\input\in001092.jpg,dataset\turnpike_0_5fps\groundtruth\gt001092.png,2195,58839,2868,7778,0.2200942544871152,0.9535222908260003,0.04647770917399971,0.7799057455128848,14.852120535714286,0.4335374284021331,0.29196594839052936
dataset\turnpike_0_5fps\input\in001093.jpg,dataset\turnpike_0_5fps\groundtruth\gt001093.png,622,59199,4441,7418,0.077363184079602,0.9302168447517285,0.06978315524827153,0.922636815920398,16.544363839285715,0.12285206399367964,0.09494009005571244
dataset\turnpike_0_5fps\input\in001094.jpg,dataset\turnpike_0_5fps\groundtruth\gt001094.png,1598,59009,3465,7608,0.17358244623071908,0.9445369273617825,0.0554630726382175,0.8264175537692809,15.447823660714286,0.31562314833102906,0.22398205900904056
dataset\turnpike_0_5fps\input\in001095.jpg,dataset\turnpike_0_5fps\groundtruth\gt001095.png,1285,59162,3778,7455,0.14702517162471396,0.9399745789640928,0.06002542103590721,0.852974828375286,15.671037946428571,0.2538020936203832,0.1861914076650004
dataset\turnpike_0_5fps\input\in001096.jpg,dataset\turnpike_0_5fps\groundtruth\gt001096.png,259,59366,4804,7251,0.03448735019973369,0.9251363565529064,0.07486364344709366,0.9655126498002663,16.817801339285715,0.05115544143788268,0.04119939553010419
dataset\turnpike_0_5fps\input\in001097.jpg,dataset\turnpike_0_5fps\groundtruth\gt001097.png,1526,61072,3537,5545,0.21581105925611654,0.9452553049884691,0.054744695011530904,0.7841889407438835,12.670200892857142,0.30140233063401145,0.2515246415032141
dataset\turnpike_0_5fps\input\in001098.jpg,dataset\turnpike_0_5fps\groundtruth\gt001098.png,1859,55693,3204,10924,0.14542752092623015,0.9455999456678609,0.05440005433213916,0.8545724790737699,19.709821428571427,0.36717361248271774,0.20833800291381824
dataset\turnpike_0_5fps\input\in001099.jpg,dataset\turnpike_0_5fps\groundtruth\gt001099.png,777,62246,4286,4371,0.15093240093240093,0.935579871340107,0.06442012865989298,0.8490675990675991,12.077287946428571,0.15346632431364804,0.1521888159827637
dataset\turnpike_0_5fps\input\in001100.jpg,dataset\turnpike_0_5fps\groundtruth\gt001100.png,279,57857,4784,8760,0.030866246266179887,0.9236282945674558,0.07637170543254418,0.9691337537338202,18.895089285714285,0.055105668575943116,0.039568855481491985
dataset\turnpike_0_5fps\input\in001101.jpg,dataset\turnpike_0_5fps\groundtruth\gt001101.png,1074,57377,3989,9240,0.10413030831879,0.9349965779095917,0.06500342209040837,0.89586969168121,18.455636160714285,0.21212719731384555,0.13968914612733305
dataset\turnpike_0_5fps\input\in001102.jpg,dataset\turnpike_0_5fps\groundtruth\gt001102.png,308,57055,4755,9562,0.031205673758865248,0.9230707005338942,0.07692929946610581,0.9687943262411347,19.973493303571427,0.060833497926130756,0.041250920779481684
dataset\turnpike_0_5fps\input\in001103.jpg,dataset\turnpike_0_5fps\groundtruth\gt001103.png,884,61730,4179,4887,0.15317969156125455,0.9365943953026142,0.06340560469738579,0.8468203084387455,12.647879464285714,0.17460003950227138,0.1631899575410744
dataset\turnpike_0_5fps\input\in001104.jpg,dataset\turnpike_0_5fps\groundtruth\gt001104.png,309,58390,4754,8227,0.03619962511715089,0.9247117699227163,0.07528823007728366,0.9638003748828491,18.109654017857142,0.061031009283033774,0.04544451797926318
dataset\turnpike_0_5fps\input\in001105.jpg,dataset\turnpike_0_5fps\groundtruth\gt001105.png,49,62114,5014,4503,0.010764499121265378,0.9253068764152068,0.07469312358479323,0.9892355008787346,13.277064732142858,0.009678056488248075,0.010192407696307852
dataset\turnpike_0_5fps\input\in001106.jpg,dataset\turnpike_0_5fps\groundtruth\gt001106.png,104,62012,4959,4605,0.022085368443406243,0.9259530244434158,0.0740469755565842,0.9779146315565937,13.342633928571429,0.02054118111791428,0.021285304952926732
dataset\turnpike_0_5fps\input\in001107.jpg,dataset\turnpike_0_5fps\groundtruth\gt001107.png,1028,63341,4035,3276,0.23884758364312267,0.9401122061268107,0.059887793873189266,0.7611524163568774,10.199497767857142,0.20304167489630653,0.21949396818618555
dataset\turnpike_0_5fps\input\in001108.jpg,dataset\turnpike_0_5fps\groundtruth\gt001108.png,735,59676,4328,6941,0.0957529963522668,0.9323792262983563,0.06762077370164364,0.9042470036477332,15.721261160714286,0.14517084732372112,0.11539367297276082
dataset\turnpike_0_5fps\input\in001109.jpg,dataset\turnpike_0_5fps\groundtruth\gt001109.png,30,60301,5033,6316,0.004727387330601954,0.9229650717849818,0.07703492821501821,0.995272612669398,15.832868303571429,0.005925340707090658,0.0052590060478569555
dataset\turnpike_0_5fps\input\in001110.jpg,dataset\turnpike_0_5fps\groundtruth\gt001110.png,406,60557,4657,6060,0.06278997834828333,0.9285889532922379,0.07141104670776213,0.9372100216517166,14.951171875,0.0801896109026269,0.07043108682452945
dataset\turnpike_0_5fps\input\in001111.jpg,dataset\turnpike_0_5fps\groundtruth\gt001111.png,643,62778,4420,3839,0.143462739848282,0.9342242328640733,0.06577576713592666,0.8565372601517179,11.522042410714286,0.1269998024886431,0.13473022524882136
dataset\turnpike_0_5fps\input\in001112.jpg,dataset\turnpike_0_5fps\groundtruth\gt001112.png,1138,57002,3925,9615,0.10583093090300381,0.9355786432944343,0.06442135670556567,0.8941690690969962,18.889508928571427,0.22476792415563895,0.14390490642387457
dataset\turnpike_0_5fps\input\in001113.jpg,dataset\turnpike_0_5fps\groundtruth\gt001113.png,792,62943,4271,3674,0.17733990147783252,0.9364566905704169,0.06354330942958313,0.8226600985221675,11.083984375,0.15642899466719337,0.166229404974289
dataset\turnpike_0_5fps\input\in001114.jpg,dataset\turnpike_0_5fps\groundtruth\gt001114.png,740,63064,4323,3553,0.17237363149312834,0.9358481606244528,0.0641518393755472,0.8276263685068717,10.987723214285714,0.14615840410823622,0.15818725951261223
dataset\turnpike_0_5fps\input\in001115.jpg,dataset\turnpike_0_5fps\groundtruth\gt001115.png,0,59687,5063,6930,0.0,0.9218069498069498,0.07819305019305019,1.0,16.731305803571427,0.0,nan
dataset\turnpike_0_5fps\input\in001116.jpg,dataset\turnpike_0_5fps\groundtruth\gt001116.png,308,59066,4755,7551,0.03919073673495355,0.9254947431096348,0.07450525689036525,0.9608092632650465,17.16796875,0.060833497926130756,0.04767063921993499
dataset\turnpike_0_5fps\input\in001117.jpg,dataset\turnpike_0_5fps\groundtruth\gt001117.png,1160,54535,3903,12082,0.08760006041383477,0.9332112666415688,0.06678873335843116,0.9123999395861653,22.300502232142858,0.22911317400750544,0.12674132750614586
dataset\turnpike_0_5fps\input\in001118.jpg,dataset\turnpike_0_5fps\groundtruth\gt001118.png,3458,57229,1605,9388,0.2691888525611085,0.9727198558656559,0.027280144134344087,0.7308111474388915,15.336216517857142,0.6829942721706498,0.38617454910938637
dataset\turnpike_0_5fps\input\in001119.jpg,dataset\turnpike_0_5fps\groundtruth\gt001119.png,1022,61461,4041,5156,0.1654257041113629,0.9383072272602363,0.061692772739763674,0.8345742958886371,12.830636160714286,0.2018566067548884,0.18183435637398807
dataset\turnpike_0_5fps\input\in001120.jpg,dataset\turnpike_0_5fps\groundtruth\gt001120.png,223,59779,4840,6838,0.031581928905254214,0.9250994289605224,0.07490057103947756,0.9684180710947458,16.291852678571427,0.04404503258937389,0.03678653909600792
dataset\turnpike_0_5fps\input\in001121.jpg,dataset\turnpike_0_5fps\groundtruth\gt001121.png,660,60906,4403,5711,0.1035944121801915,0.9325820331041663,0.06741796689583365,0.8964055878198085,14.109933035714286,0.13035749555599446,0.11544516354731503
dataset\turnpike_0_5fps\input\in001122.jpg,dataset\turnpike_0_5fps\groundtruth\gt001122.png,931,54109,4132,12508,0.06927598779671107,0.9290534159784344,0.07094658402156556,0.9307240122032889,23.214285714285715,0.1838830732767134,0.10063776888984977
dataset\turnpike_0_5fps\input\in001123.jpg,dataset\turnpike_0_5fps\groundtruth\gt001123.png,848,59821,4215,6796,0.1109366823652538,0.9341776500718346,0.06582234992816541,0.8890633176347462,15.361328125,0.1674896306537626,0.13346974108758952
dataset\turnpike_0_5fps\input\in001124.jpg,dataset\turnpike_0_5fps\groundtruth\gt001124.png,1316,59292,3747,7325,0.15229718782548315,0.9405606053395517,0.05943939466044829,0.8477028121745168,15.446428571428571,0.25992494568437685,0.19206071220081725
dataset\turnpike_0_5fps\input\in001125.jpg,dataset\turnpike_0_5fps\groundtruth\gt001125.png,837,63521,4226,3096,0.2128146453089245,0.9376208540599583,0.062379145940041625,0.7871853546910755,10.21484375,0.16531700572782934,0.18608270342374386
dataset\turnpike_0_5fps\input\in001126.jpg,dataset\turnpike_0_5fps\groundtruth\gt001126.png,603,63951,4460,2666,0.184460079535026,0.9348058060838169,0.06519419391618307,0.815539920464974,9.94140625,0.11909934821252222,0.14474315890542488
dataset\turnpike_0_5fps\input\in001127.jpg,dataset\turnpike_0_5fps\groundtruth\gt001127.png,1446,63457,3617,3160,0.3139383412939644,0.9460744848972776,0.053925515102722366,0.6860616587060356,9.454520089285714,0.2856014220817697,0.2991002171889544
dataset\turnpike_0_5fps\input\in001128.jpg,dataset\turnpike_0_5fps\groundtruth\gt001128.png,1289,61223,3774,5394,0.1928774502468951,0.9419357816514609,0.058064218348539164,0.8071225497531049,12.790178571428571,0.25459213904799527,0.21947897156478802
dataset\turnpike_0_5fps\input\in001129.jpg,dataset\turnpike_0_5fps\groundtruth\gt001129.png,233,60070,4830,6547,0.03436578171091446,0.92557781201849,0.07442218798151001,0.9656342182890856,15.871930803571429,0.04602014615840411,0.03934813814067382
dataset\turnpike_0_5fps\input\in001130.jpg,dataset\turnpike_0_5fps\groundtruth\gt001130.png,2986,60065,2077,6552,0.3130635353323548,0.9665765504811561,0.03342344951884394,0.6869364646676452,12.038225446428571,0.5897689117124235,0.40901308129580166
dataset\turnpike_0_5fps\input\in001131.jpg,dataset\turnpike_0_5fps\groundtruth\gt001131.png,1795,60890,3268,5727,0.2386333421962244,0.9490632501013124,0.050936749898687614,0.7613666578037755,12.548828125,0.35453288564092433,0.28526023043305515
dataset\turnpike_0_5fps\input\in001132.jpg,dataset\turnpike_0_5fps\groundtruth\gt001132.png,184,63497,4879,3120,0.05569007263922518,0.9286445536445537,0.07135544635544636,0.9443099273607748,11.159319196428571,0.036342089670156036,0.04398231146169476
dataset\turnpike_0_5fps\input\in001133.jpg,dataset\turnpike_0_5fps\groundtruth\gt001133.png,754,62025,4309,4592,0.14104002992891881,0.9350408538607652,0.06495914613923479,0.8589599700710812,12.417689732142858,0.14892356310487853,0.14487462772600634
dataset\turnpike_0_5fps\input\in001134.jpg,dataset\turnpike_0_5fps\groundtruth\gt001134.png,277,58582,4786,8035,0.033325312800769974,0.9244729200858477,0.07552707991415225,0.96667468719923,17.886439732142858,0.05471064586213707,0.04142056074766355
dataset\turnpike_0_5fps\input\in001135.jpg,dataset\turnpike_0_5fps\groundtruth\gt001135.png,647,63962,4416,2655,0.19594185342216838,0.9354178244464594,0.06458217555354061,0.8040581465778316,9.864676339285714,0.1277898479162552,0.15469216975493127
dataset\turnpike_0_5fps\input\in001136.jpg,dataset\turnpike_0_5fps\groundtruth\gt001136.png,482,59365,4581,7252,0.06232221360227567,0.9283614299565258,0.07163857004347418,0.9376777863977244,16.508091517857142,0.09520047402725657,0.07533015550519653
dataset\turnpike_0_5fps\input\in001137.jpg,dataset\turnpike_0_5fps\groundtruth\gt001137.png,609,61478,4454,5139,0.10594989561586639,0.9324455499605654,0.06755445003943457,0.8940501043841336,13.383091517857142,0.12028441635394035,0.11266302839700304
dataset\turnpike_0_5fps\input\in001138.jpg,dataset\turnpike_0_5fps\groundtruth\gt001138.png,598,63277,4465,3340,0.15185373285931944,0.9340881580112781,0.06591184198872191,0.8481462671406805,10.888671875,0.11811179142800711,0.1328741250972114
dataset\turnpike_0_5fps\input\in001139.jpg,dataset\turnpike_0_5fps\groundtruth\gt001139.png,2363,62056,2700,4561,0.34127671865973425,0.95830502192847,0.04169497807153005,0.6587232813402657,10.129743303571429,0.4667193363618408,0.3942604488195545
dataset\turnpike_0_5fps\input\in001140.jpg,dataset\turnpike_0_5fps\groundtruth\gt001140.png,958,61580,4105,5037,0.1597998331943286,0.9375047575549973,0.062495242445002666,0.8402001668056714,12.75390625,0.189215879913095,0.17326822210164586
dataset\turnpike_0_5fps\input\in001141.jpg,dataset\turnpike_0_5fps\groundtruth\gt001141.png,732,58133,4331,8484,0.07942708333333333,0.9306640625,0.0693359375,0.9205729166666666,17.878069196428573,0.14457831325301204,0.10252818824847677
dataset\turnpike_0_5fps\input\in001142.jpg,dataset\turnpike_0_5fps\groundtruth\gt001142.png,1067,57209,3996,9408,0.10186157517899762,0.9347112164038885,0.06528878359611143,0.8981384248210024,18.699776785714285,0.2107446178155244,0.13734071309048784
dataset\turnpike_0_5fps\input\in001143.jpg,dataset\turnpike_0_5fps\groundtruth\gt001143.png,256,56893,4807,9724,0.02565130260521042,0.9220907617504052,0.07790923824959481,0.9743486973947896,20.272042410714285,0.050562907367173615,0.034035764142790664
dataset\turnpike_0_5fps\input\in001144.jpg,dataset\turnpike_0_5fps\groundtruth\gt001144.png,745,59358,4318,7259,0.09307846076961519,0.9321879515044915,0.06781204849550851,0.9069215392303848,16.150948660714285,0.14714596089275134,0.11402770337491391
dataset\turnpike_0_5fps\input\in001145.jpg,dataset\turnpike_0_5fps\groundtruth\gt001145.png,2164,62698,2899,3919,0.35574552030248235,0.9558059057578853,0.044194094242114734,0.6442544796975177,9.51171875,0.42741457633813945,0.3883007356899336
dataset\turnpike_0_5fps\input\in001146.jpg,dataset\turnpike_0_5fps\groundtruth\gt001146.png,33,57214,5030,9403,0.003497244595167444,0.9191889981363666,0.08081100186363344,0.9965027554048326,20.135323660714285,0.006517874777799724,0.004552038071591145
dataset\turnpike_0_5fps\input\in001147.jpg,dataset\turnpike_0_5fps\groundtruth\gt001147.png,66,62910,4997,3707,0.01749271137026239,0.9264140662965527,0.07358593370344736,0.9825072886297376,12.142857142857142,0.013035749555599448,0.014938886373924853
dataset\turnpike_0_5fps\input\in001148.jpg,dataset\turnpike_0_5fps\groundtruth\gt001148.png,608,61423,4455,5194,0.10479145122371596,0.9323749962051064,0.06762500379489358,0.8952085487762841,13.461216517857142,0.12008690499703734,0.11191900598251264
dataset\turnpike_0_5fps\input\in001149.jpg,dataset\turnpike_0_5fps\groundtruth\gt001149.png,64,60909,4999,5708,0.011088011088011088,0.9241518480305881,0.07584815196941191,0.988911988911989,14.937220982142858,0.012640726841793404,0.011813567143516383
